1.05082638308158027e0,1.75704548972195518e0,1.06076983089717380e0
9.58479972517169654e-1,3.67825945693717515e-1,1.89811238510191460e0
1.43312529522978971e0,1.89045281437474673e-7,2.07896937137213511e0
6.49838185411213076e-1,2.30550835233112907e-2,3.06834433045702903e0
1.44874431937591042e0,1.05429942992240910e0,1.86594857717781379e-2
2.69079561761354391e-1,5.44073086629914382e-1,2.38458363121589700e0
2.49852274534975649e0,1.10985674371113463e0,1.51929319929565088e0
5.12825605075049928e-1,1.93814846869212976e0,1.40356542086296798e0
8.91302468421263705e-1,1.72844017665324134e0,9.77914625497685375e-1
7.43110529336328596e-1,1.26798270342238850e0,2.53671474505103678e0
1.44654077149005578e0,1.30991416740035382e0,1.48517826909323691e0
3.60525641146842601e-1,1.13480831655900105e0,2.60672081661746224e0
2.50855770398244626e0,6.36461736204995909e-1,1.55199087879551945e0
8.05203449086579037e-1,1.94424082512736907e0,7.27965204205440197e-1
1.07542567944809653e0,2.81106708830283145e-2,1.73989634923676251e0
1.01037140492118893e0,3.03169204038113649e-1,2.80932903495239339e0
2.29263082708030419e0,4.67957160324553589e-1,1.33979034349558823e0
7.23052169915526788e-1,2.57490482553600364e0,8.71627776963765810e-1
4.61689650895559744e-1,2.17001340684793043e0,6.81246170193723910e-1
1.12619898030746013e0,1.64333748949364034e0,2.04715305478584231e0
2.20899971977721821e0,3.50095446586583370e-1,1.31042315271177823e0
1.27344917940914359e0,7.58409393173430146e-1,2.20676642957274094e0
1.23332591761058596e0,9.39980988632468595e-1,1.81356357651313393e0
1.71373071487420203e0,1.10823387770559867e0,1.08146866329073310e0
1.12962041251568746e0,1.97340796160898235e0,6.89917602511471273e-1
2.30329965930627018e-1,9.95580971269095949e-1,3.11663948007588232e0
8.22714435800030675e-1,6.35193398306733853e-2,2.64308848810307406e0
1.28585611346781725e0,9.86343395651934407e-1,1.28029007663489613e0
1.93423230675785218e0,1.65424656301008444e-1,2.68770791903624717e0
2.54183468253915290e0,6.08554924185606694e-2,4.55155879351157810e-1
1.45010799580003780e0,8.34049968507900585e-1,1.20508166410520201e0
2.04839326325418902e-1,1.04464900835979480e0,1.68682205898429993e0
1.69010012720959479e0,1.27278260909142871e0,1.26552266610799435e0
5.84920411456147149e-1,2.34035401592903192e0,1.11655529859882319e0
2.19817556494954003e0,3.14708675575210983e-1,2.16480961017237705e0
1.93969704502021758e-3,2.01493472804185592e0,1.79131896110907141e0
4.95191833556278826e-2,2.62659464347084581e0,8.13616913750173532e-1
1.83233547134109248e-1,1.54169897042121540e0,2.34083492393774062e0
2.83699242139762742e0,1.01956439956235467e0,2.59349634635327841e-1
8.63372737990317218e-1,1.44958580252246438e0,1.84646825759627808e0
1.87193820019934121e0,6.87426967137552913e-1,6.57313133397889993e-1
3.88514016614271596e-1,1.05474747239232158e0,2.15074536745283318e0
3.97543842603258812e-1,2.25349511664732916e0,1.59832735867379383e0
7.00706434388522648e-1,1.98695431902558672e0,4.42591617410808047e-1
3.10422676191433888e0,3.32831354839971172e-1,5.53917295132951626e-1
1.51206388294193750e0,2.02412757552395206e0,3.15795985373767199e-2
7.11306661911358717e-1,1.54118684526732541e0,1.40760826665326122e0
1.78566085981425693e0,6.90500133504604374e-1,2.16932192326526074e0
1.71548123942940056e0,7.86670769350978571e-1,1.07778958484942189e0
2.56054602346407023e0,8.63836131401927831e-1,9.91970702719034647e-1
7.10009552688119050e-1,1.46691407246156680e0,1.89609544105289562e0
1.04362161297288147e0,7.42191924735868702e-1,2.98767266885928029e0
6.20898366751317488e-1,1.32967359170703969e0,1.36146785858417685e0
2.37702442607074543e-1,1.49339319585038877e0,1.51271427307057205e0
1.77698588765212140e0,1.51805138922602256e0,1.50705446994972514e-1
8.52631850630762744e-1,9.93991817192007465e-1,1.70683656743918233e0
1.49384365086608217e0,6.99366567637540459e-1,1.19945590322186413e0
1.89375511553411124e0,1.88408700408952456e0,6.54882879565881898e-2
1.82862175566853580e0,5.41939007189007116e-1,2.34112369352269800e0
1.80147124176218743e0,1.35867346335572736e0,9.24524037883013627e-1
8.68522617125985774e-1,1.31719816463446082e0,9.99231644700136479e-1
1.29100777958854396e0,1.62395018491603316e0,4.82270724539877238e-1
2.36240628411121500e0,1.01675815017450311e0,2.14647067323255232e-3
2.00141601873437480e0,2.29756043378938113e0,3.86196209412349778e-1
6.41117567732151783e-1,1.97452243471432043e0,5.61475106812878932e-1
1.29359776390161074e0,1.47732253933612090e0,1.89441849392642392e0
7.48672692461681111e-1,1.80265362942043250e0,1.80642314152620909e0
2.96870938135420509e-3,1.41532858912248316e0,1.55532021188983860e0
9.26171192940582921e-1,3.01932589549267216e-1,2.40525209729837508e0
6.62497408850413638e-1,2.39151350656274353e0,4.64490375008884404e-1
2.34007910148085641e0,6.49505198272710249e-1,1.30884664572061538e0
1.36968145389431561e0,1.71978420885837280e0,5.11340412138687195e-1
2.45619669815034669e0,1.34915752297884350e0,2.67982889478878064e-2
6.26534951320137479e-1,1.29707017603870556e0,2.59955577732870946e0
2.17868029210943809e-1,1.60036151717866315e0,1.54849825950146847e0
2.04882083249260494e-1,1.82133489044693841e0,1.82878787602668558e0
2.92641200226513576e-1,6.67805090382556976e-1,2.58256652629570382e0
2.05578372295366130e0,1.32548154982034561e0,7.27498763783703591e-3
1.50339154460475743e0,6.70069688576761857e-1,9.83279494722298364e-1
1.64535559891295247e0,1.47388969739266895e0,8.74171444101729755e-1
9.99517072312367638e-1,1.22071867970937742e0,9.40429833751127431e-1
1.68156796196113856e0,1.67763905493609822e0,1.40734354353457807e-2
1.70163892629454772e0,1.19152286457436341e0,1.17760532775502713e0
1.16979850055530066e0,1.12060532447136785e0,8.70067489385637050e-1
2.06831216105942906e0,1.49625470475002742e0,3.06173848107700250e-2
1.94077054558104956e0,3.04251118218009202e-2,2.32450624311303500e0
2.27486316299194113e0,7.22411575332802119e-2,1.42987748627011441e-1
9.12758600380737528e-1,1.76486910980598788e0,7.45649231513748623e-1
3.12255300436591388e-1,1.74580252197470354e0,1.60668294042217497e0
9.45422570785686700e-1,1.27121231564436554e0,1.03219811756435909e0
5.66026815965958052e-1,1.62942507550304128e0,8.05658438179504888e-1
1.70778093456375246e0,1.28014633426117919e0,9.59589256468288632e-1
2.54069779413649721e0,1.22365948745369435e0,1.58109142860858731e0
3.14834524876418520e0,7.25866856381744197e-1,7.55121917718091784e-1
1.75772125151374459e0,1.43091691473255223e0,1.23304914122040254e0
2.56385547338057007e0,1.32130661440942609e0,4.10039189117915107e-2
