label	genome	exome
A[C>A]A	1.14e+08	1940794
A[C>A]C	6.6e+07	1442408
A[C>A]G	14300000	514826
A[C>A]T	91200000	1403756
A[C>G]A	1.14e+08	1940794
A[C>G]C	6.6e+07	1442408
A[C>G]G	14300000	514826
A[C>G]T	91200000	1403756
A[C>T]A	1.14e+08	1940794
A[C>T]C	6.6e+07	1442408
A[C>T]G	14300000	514826
A[C>T]T	91200000	1403756
A[T>A]A	1.17e+08	1299256
A[T>A]C	75700000	1166912
A[T>A]G	1.04e+08	1555012
A[T>A]T	1.41e+08	1689928
A[T>C]A	1.17e+08	1299256
A[T>C]C	75700000	1166912
A[T>C]G	1.04e+08	1555012
A[T>C]T	1.41e+08	1689928
A[T>G]A	1.17e+08	1299256
A[T>G]C	75700000	1166912
A[T>G]G	1.04e+08	1555012
A[T>G]T	1.41e+08	1689928
C[C>A]A	1.05e+08	2277398
C[C>A]C	74600000	2318284
C[C>A]G	15700000	774498
C[C>A]T	1.01e+08	2269674
C[C>G]A	1.05e+08	2277398
C[C>G]C	74600000	2318284
C[C>G]G	15700000	774498
C[C>G]T	1.01e+08	2269674
C[C>T]A	1.05e+08	2277398
C[C>T]C	74600000	2318284
C[C>T]G	15700000	774498
C[C>T]T	1.01e+08	2269674
C[T>A]A	73100000	978400
C[T>A]C	95500000	2119248
C[T>A]G	1.15e+08	2650754
C[T>A]T	1.13e+08	1684488
C[T>C]A	73100000	978400
C[T>C]C	95500000	2119248
C[T>C]G	1.15e+08	2650754
C[T>C]T	1.13e+08	1684488
C[T>G]A	73100000	978400
C[T>G]C	95500000	2119248
C[T>G]G	1.15e+08	2650754
C[T>G]T	1.13e+08	1684488
G[C>A]A	81700000	1740752
G[C>A]C	67600000	1968596
G[C>A]G	13500000	631872
G[C>A]T	79300000	1734468
G[C>G]A	81700000	1740752
G[C>G]C	67600000	1968596
G[C>G]G	13500000	631872
G[C>G]T	79300000	1734468
G[C>T]A	81700000	1740752
G[C>T]C	67600000	1968596
G[C>T]G	13500000	631872
G[C>T]T	79300000	1734468
G[T>A]A	64300000	884052
G[T>A]C	53600000	1173252
G[T>A]G	85200000	1993110
G[T>A]T	82700000	1251508
G[T>C]A	64300000	884052
G[T>C]C	53600000	1173252
G[T>C]G	85200000	1993110
G[T>C]T	82700000	1251508
G[T>G]A	64300000	884052
G[T>G]C	53600000	1173252
G[T>G]G	85200000	1993110
G[T>G]T	82700000	1251508
T[C>A]A	1.11e+08	1799540
T[C>A]C	87500000	1910984
T[C>A]G	12500000	398440
T[C>A]T	1.25e+08	2024770
T[C>G]A	1.11e+08	1799540
T[C>G]C	87500000	1910984
T[C>G]G	12500000	398440
T[C>G]T	1.25e+08	2024770
T[C>T]A	1.11e+08	1799540
T[C>T]C	87500000	1910984
T[C>T]G	12500000	398440
T[C>T]T	1.25e+08	2024770
T[T>A]A	1.18e+08	1391660
T[T>A]C	1.12e+08	1674368
T[T>A]G	1.07e+08	1559846
T[T>A]T	2.18e+08	2850934
T[T>C]A	1.18e+08	1391660
T[T>C]C	1.12e+08	1674368
T[T>C]G	1.07e+08	1559846
T[T>C]T	2.18e+08	2850934
T[T>G]A	1.18e+08	1391660
T[T>G]C	1.12e+08	1674368
T[T>G]G	1.07e+08	1559846
T[T>G]T	2.18e+08	2850934
