2.5244140625,1.6572265625,0.6171875000
1.7167968750,2.2294921875,2.4394531250
0.9560546875,0.6542968750,0.6835937500
2.4326171875,2.0410156250,2.5039062500
1.3427734375,1.7861328125,1.9394531250
1.18359375,0.58984375,1.70703125
2.0439453125,0.8720703125,1.0253906250
1.8623046875,1.7607421875,0.5898437500
2.4199218750,0.4658203125,2.3486328125
2.3212890625,0.0351562500,1.7832031250
1.6220703125,1.4218750000,0.4980468750
1.6123046875,2.3134765625,1.0302734375
1.2285156250,0.0048828125,1.3496093750
0.656250000,0.814453125,1.134765625
0.6318359375,0.2998046875,2.3232421875
2.5263671875,1.5576171875,1.7167968750
0.7109375000,2.3037109375,1.0253906250
1.763671875,2.244140625,0.718750000
2.4521484375,0.8076171875,1.7685546875
1.8457031250,0.9658203125,2.2294921875
1.5556640625,1.0283203125,2.0117187500
1.2802734375,1.5009765625,2.2812500000
0.7333984375,1.4638671875,1.2363281250
0.8251953125,2.0039062500,0.2802734375
1.3173828125,0.7773437500,1.7236328125
2.0185546875,0.1738281250,0.1738281250
1.7509765625,1.0058593750,2.1894531250
0.9609375000,2.2119140625,1.5703125000
1.9267578125,0.5273437500,2.2265625000
0.4707031250,0.6816406250,2.2861328125
0.1953125000,2.2294921875,2.2392578125
1.1894531250,1.5654296875,1.5332031250
1.8037109375,0.7978515625,0.3242187500
0.7724609375,0.7285156250,1.8105468750
0.6289062500,1.4814453125,0.7285156250
0.2968750000,0.2177734375,1.1738281250
0.8271484375,1.0703125000,0.1787109375
2.3603515625,2.3974609375,0.5175781250
2.1601562500,2.5146484375,0.4404296875
0.1835937500,0.8740234375,2.2939453125
0.2773437500,2.1943359375,1.7714843750
0.7626953125,2.5195312500,0.6093750000
1.3251953125,0.7900390625,2.1796875000
2.4179687500,0.0195312500,0.4306640625
1.3671875000,0.1015625000,0.6123046875
1.8779296875,1.5087890625,0.4951171875
1.1445312500,1.5458984375,0.9140625000
2.123046875,0.822265625,0.626953125
2.2812500000,1.1044921875,0.8496093750
0.4013671875,1.2734375000,0.8027343750
0.0517578125,1.9960937500,1.8476562500
1.275390625,1.771484375,1.210937500
2.0361328125,1.7509765625,0.1289062500
0.4658203125,1.1816406250,1.3896484375
2.427734375,1.310546875,2.199218750
2.0810546875,1.7236328125,1.6347656250
1.9423828125,0.2626953125,0.5576171875
0.4658203125,2.3056640625,1.8251953125
1.9472656250,1.8876953125,1.8183593750
0.7285156250,1.8359375000,0.3564453125
0.8544921875,0.5029296875,2.3652343750
0.2500000000,2.4990234375,1.4882812500
0.7138671875,0.5449218750,2.0585937500
1.6767578125,0.8320312500,0.2207031250
1.1767578125,1.6025390625,2.2490234375
0.9736328125,0.5419921875,1.4267578125
0.472656250,0.195312500,2.087890625
0.0742187500,2.4375000000,1.4443359375
0.1464843750,0.0966796875,1.5283203125
1.4541015625,1.5800781250,0.0371093750
1.3847656250,0.4882812500,0.5771484375
2.031250000,1.597656250,0.701171875
0.9960937500,2.0283203125,1.0283203125
1.919921875,0.406250000,0.738281250
1.3701171875,0.6191406250,1.9150390625
1.7021484375,0.7656250000,1.7167968750
0.2597656250,2.5166015625,1.3701171875
2.4599609375,1.7265625000,0.3095703125
0.6611328125,1.8623046875,1.4121093750
2.4023437500,0.7138671875,0.4833984375
0.5156250000,0.6123046875,0.0322265625
1.9394531250,1.1572265625,1.4833984375
1.1865234375,0.8271484375,1.2060546875
0.7529296875,2.3876953125,0.6015625000
1.0332031250,0.0566406250,2.2763671875
0.7558593750,1.5458984375,2.5312500000
1.9492187500,1.4619140625,1.9101562500
0.9062500000,1.1513671875,0.8076171875
0.4511718750,0.7978515625,0.8964843750
0.7451171875,0.1464843750,2.1181640625
0.0595703125,0.9833984375,2.1376953125
0.5029296875,1.1689453125,1.7812500000
2.0390625000,1.2412109375,0.6044921875
1.3769531250,0.6318359375,1.3603515625
0.921875000,0.423828125,1.634765625
1.0400390625,0.6416015625,0.0371093750
