row_type,tool,version,profile,adapter,arm,judge_class,N,signature,layer,n_samples,truth_calls,pred_calls,tp,fp,fn,precision,recall,f1,mean_match_cosine,mean_abs_exposure_error,mean_rel_exposure_error,match_tolerance,status,notes
cell,sigminer,,degraded,docker,,,,,,0,0,0,0,0,0,na,na,na,na,na,na,na,skipped:no-artifacts,
cell,sigminer,,degraded,docker,,,,,,0,0,0,0,0,0,na,na,na,na,na,na,na,skipped:no-artifacts,
cell,sigminer,,degraded,docker,,,,,,0,0,0,0,0,0,na,na,na,na,na,na,na,skipped:no-artifacts,
cell,sigminer,,degraded,docker,,,,,,0,0,0,0,0,0,na,na,na,na,na,na,na,skipped:no-artifacts,
cell,sigminer,,degraded,docker,,,,,,0,0,0,0,0,0,na,na,na,na,na,na,na,skipped:no-artifacts,
cell,sigprofiler,v1.1.5,degraded,docker,comp_mmr,primary,100,,,1,8,3,2,1,6,0.666667,0.250000,0.363636,1.000000,na,na,0.850000,scored,
cell,sigprofiler,v1.1.5,degraded,docker,comp_mmr,primary,1000,,,1,8,4,2,2,6,0.500000,0.250000,0.333333,1.000000,na,na,0.850000,scored,
cell,sigprofiler,v1.1.5,degraded,docker,main,primary,100,,,1,5,4,1,3,4,0.250000,0.200000,0.222222,1.000000,na,na,0.850000,scored,
cell,sigprofiler,v1.1.5,degraded,docker,main,primary,1000,,,1,5,5,1,4,4,0.200000,0.200000,0.200000,1.000000,na,na,0.850000,scored,
cell,sigprofiler,v1.1.5,degraded,docker,nb,sensitivity,1000,,,1,5,5,2,3,3,0.400000,0.400000,0.400000,1.000000,na,na,0.850000,scored,
signature,sigprofiler,v1.1.5,degraded,docker,comp_mmr,primary,100,SBS1,easy,1,1,0,0,0,1,na,na,na,na,na,na,0.850000,missed,
signature,sigprofiler,v1.1.5,degraded,docker,comp_mmr,primary,100,SBS15,mmr,1,1,0,0,0,1,na,na,na,na,na,na,0.850000,missed,
signature,sigprofiler,v1.1.5,degraded,docker,comp_mmr,primary,100,SBS20,mmr,1,1,0,0,0,1,na,na,na,na,na,na,0.850000,missed,
signature,sigprofiler,v1.1.5,degraded,docker,comp_mmr,primary,100,SBS21,mmr,1,1,0,0,0,1,na,na,na,na,na,na,0.850000,missed,
signature,sigprofiler,v1.1.5,degraded,docker,comp_mmr,primary,100,SBS26,mmr,1,1,0,0,0,1,na,na,na,na,na,na,0.850000,missed,
signature,sigprofiler,v1.1.5,degraded,docker,comp_mmr,primary,100,SBS44,mmr,1,1,0,0,0,1,na,na,na,na,na,na,0.850000,missed,
signature,sigprofiler,v1.1.5,degraded,docker,comp_mmr,primary,100,SBS5,flat,1,1,1,1,0,0,na,na,na,1.000000,11.000000,0.275000,0.850000,matched,
signature,sigprofiler,v1.1.5,degraded,docker,comp_mmr,primary,100,SBS6,mmr,1,1,1,1,0,0,na,na,na,1.000000,20.000000,2.000000,0.850000,matched,
signature,sigprofiler,v1.1.5,degraded,docker,comp_mmr,primary,100,SBS97,,1,0,1,0,1,0,na,na,na,na,na,na,0.850000,false_called,uncatalogued
signature,sigprofiler,v1.1.5,degraded,docker,comp_mmr,primary,1000,SBS1,easy,1,1,0,0,0,1,na,na,na,na,na,na,0.850000,missed,
signature,sigprofiler,v1.1.5,degraded,docker,comp_mmr,primary,1000,SBS15,mmr,1,1,0,0,0,1,na,na,na,na,na,na,0.850000,missed,
signature,sigprofiler,v1.1.5,degraded,docker,comp_mmr,primary,1000,SBS20,mmr,1,1,0,0,0,1,na,na,na,na,na,na,0.850000,missed,
signature,sigprofiler,v1.1.5,degraded,docker,comp_mmr,primary,1000,SBS21,mmr,1,1,0,0,0,1,na,na,na,na,na,na,0.850000,missed,
signature,sigprofiler,v1.1.5,degraded,docker,comp_mmr,primary,1000,SBS26,mmr,1,1,0,0,0,1,na,na,na,na,na,na,0.850000,missed,
signature,sigprofiler,v1.1.5,degraded,docker,comp_mmr,primary,1000,SBS44,mmr,1,1,1,1,0,0,na,na,na,1.000000,197.000000,6.566667,0.850000,matched,
signature,sigprofiler,v1.1.5,degraded,docker,comp_mmr,primary,1000,SBS5,flat,1,1,1,1,0,0,na,na,na,1.000000,315.000000,0.787500,0.850000,matched,
signature,sigprofiler,v1.1.5,degraded,docker,comp_mmr,primary,1000,SBS6,mmr,1,1,0,0,0,1,na,na,na,na,na,na,0.850000,missed,
signature,sigprofiler,v1.1.5,degraded,docker,comp_mmr,primary,1000,SBS87,,1,0,1,0,1,0,na,na,na,na,na,na,0.850000,false_called,uncatalogued
signature,sigprofiler,v1.1.5,degraded,docker,comp_mmr,primary,1000,SBS97,,1,0,1,0,1,0,na,na,na,na,na,na,0.850000,false_called,uncatalogued
signature,sigprofiler,v1.1.5,degraded,docker,main,primary,100,SBS1,easy,1,1,0,0,0,1,na,na,na,na,na,na,0.850000,missed,
signature,sigprofiler,v1.1.5,degraded,docker,main,primary,100,SBS13,easy,1,1,0,0,0,1,na,na,na,na,na,na,0.850000,missed,
signature,sigprofiler,v1.1.5,degraded,docker,main,primary,100,SBS2,easy,1,1,0,0,0,1,na,na,na,na,na,na,0.850000,missed,
signature,sigprofiler,v1.1.5,degraded,docker,main,primary,100,SBS40,flat,1,1,0,0,0,1,na,na,na,na,na,na,0.850000,missed,
signature,sigprofiler,v1.1.5,degraded,docker,main,primary,100,SBS5,flat,1,1,1,1,0,0,na,na,na,1.000000,6.000000,0.200000,0.850000,matched,
signature,sigprofiler,v1.1.5,degraded,docker,main,primary,100,SBS84,,1,0,1,0,1,0,na,na,na,na,na,na,0.850000,false_called,uncatalogued
signature,sigprofiler,v1.1.5,degraded,docker,main,primary,100,SBS97,,1,0,1,0,1,0,na,na,na,na,na,na,0.850000,false_called,uncatalogued
signature,sigprofiler,v1.1.5,degraded,docker,main,primary,100,SBS98,,1,0,1,0,1,0,na,na,na,na,na,na,0.850000,false_called,uncatalogued
signature,sigprofiler,v1.1.5,degraded,docker,main,primary,1000,SBS1,easy,1,1,0,0,0,1,na,na,na,na,na,na,0.850000,missed,
signature,sigprofiler,v1.1.5,degraded,docker,main,primary,1000,SBS13,easy,1,1,0,0,0,1,na,na,na,na,na,na,0.850000,missed,
signature,sigprofiler,v1.1.5,degraded,docker,main,primary,1000,SBS2,easy,1,1,0,0,0,1,na,na,na,na,na,na,0.850000,missed,
signature,sigprofiler,v1.1.5,degraded,docker,main,primary,1000,SBS30,,1,0,1,0,1,0,na,na,na,na,na,na,0.850000,false_called,uncatalogued
signature,sigprofiler,v1.1.5,degraded,docker,main,primary,1000,SBS40,flat,1,1,0,0,0,1,na,na,na,na,na,na,0.850000,missed,
signature,sigprofiler,v1.1.5,degraded,docker,main,primary,1000,SBS43,,1,0,1,0,1,0,na,na,na,na,na,na,0.850000,false_called,uncatalogued
signature,sigprofiler,v1.1.5,degraded,docker,main,primary,1000,SBS5,flat,1,1,1,1,0,0,na,na,na,1.000000,93.000000,0.310000,0.850000,matched,
signature,sigprofiler,v1.1.5,degraded,docker,main,primary,1000,SBS97,,1,0,1,0,1,0,na,na,na,na,na,na,0.850000,false_called,uncatalogued
signature,sigprofiler,v1.1.5,degraded,docker,main,primary,1000,SBS98,,1,0,1,0,1,0,na,na,na,na,na,na,0.850000,false_called,uncatalogued
signature,sigprofiler,v1.1.5,degraded,docker,nb,sensitivity,1000,SBS1,easy,1,1,0,0,0,1,na,na,na,na,na,na,0.850000,missed,
signature,sigprofiler,v1.1.5,degraded,docker,nb,sensitivity,1000,SBS13,easy,1,1,0,0,0,1,na,na,na,na,na,na,0.850000,missed,
signature,sigprofiler,v1.1.5,degraded,docker,nb,sensitivity,1000,SBS2,easy,1,1,1,1,0,0,na,na,na,1.000000,44.000000,0.293333,0.850000,matched,
signature,sigprofiler,v1.1.5,degraded,docker,nb,sensitivity,1000,SBS39,,1,0,1,0,1,0,na,na,na,na,na,na,0.850000,false_called,uncatalogued
signature,sigprofiler,v1.1.5,degraded,docker,nb,sensitivity,1000,SBS40,flat,1,1,0,0,0,1,na,na,na,na,na,na,0.850000,missed,
signature,sigprofiler,v1.1.5,degraded,docker,nb,sensitivity,1000,SBS44,mmr,1,0,1,0,1,0,na,na,na,na,na,na,0.850000,false_called,
signature,sigprofiler,v1.1.5,degraded,docker,nb,sensitivity,1000,SBS5,flat,1,1,1,1,0,0,na,na,na,1.000000,136.000000,0.453333,0.850000,matched,
signature,sigprofiler,v1.1.5,degraded,docker,nb,sensitivity,1000,SBS97,,1,0,1,0,1,0,na,na,na,na,na,na,0.850000,false_called,uncatalogued
arm_rollup,sigprofiler,v1.1.5,degraded,docker,comp_mmr,primary,,,,2,16,7,4,3,12,0.571429,0.250000,0.347826,na,na,na,0.850000,pooled,
arm_rollup,sigprofiler,v1.1.5,degraded,docker,main,primary,,,,2,10,9,2,7,8,0.222222,0.200000,0.210526,na,na,na,0.850000,pooled,
arm_rollup,sigprofiler,v1.1.5,degraded,docker,nb,sensitivity,,,,1,5,5,2,3,3,0.400000,0.400000,0.400000,na,na,na,0.850000,pooled,
n_rollup,sigprofiler,v1.1.5,degraded,docker,,primary,100,,,2,13,7,3,4,10,0.428571,0.230769,0.300000,na,na,na,0.850000,pooled,
n_rollup,sigprofiler,v1.1.5,degraded,docker,,primary,1000,,,2,13,9,3,6,10,0.333333,0.230769,0.272727,na,na,na,0.850000,pooled,
n_rollup,sigprofiler,v1.1.5,degraded,docker,,sensitivity,1000,,,1,5,5,2,3,3,0.400000,0.400000,0.400000,na,na,na,0.850000,pooled,
