"criterion","n","arm","tp","fp","fn","specificity","precision","recall","scaled_manhattan","combined_score"
"cleaned",300,"multinomial",2.76666666666667,1,0.233333333333333,0.8,0.778333333333333,0.922222222222222,0.127332748891252,2.5732228066643
"raw",300,"multinomial",2.8,1.83333333333333,0.2,0.633333333333333,0.638730158730159,0.933333333333333,0.13137116504552,2.44069232701797
"cleaned",1000,"multinomial",2.86666666666667,0.633333333333333,0.133333333333333,0.873333333333333,0.836666666666667,0.955555555555556,0.0748108138171137,2.71741140840511
"raw",1000,"multinomial",2.9,2.23333333333333,0.1,0.553333333333333,0.593134920634921,0.966666666666667,0.0808842856128414,2.47891730168875
"cleaned",3000,"multinomial",2.96666666666667,0.433333333333333,0.0333333333333333,0.913333333333333,0.891666666666667,0.988888888888889,0.0424623056806565,2.8380932498749
"raw",3000,"multinomial",3,1.93333333333333,0,0.613333333333333,0.64452380952381,1,0.0459116385659114,2.5986121709579
"cleaned",10000,"multinomial",2.96666666666667,0.2,0.0333333333333333,0.96,0.947222222222222,0.988888888888889,0.024007644490715,2.9121034666204
"raw",10000,"multinomial",3,2.26666666666667,0,0.546666666666667,0.602142857142857,1,0.0287755456994682,2.57336731144339
"cleaned",300,"nb8",2.76666666666667,1.3,0.233333333333333,0.74,0.705555555555555,0.922222222222222,0.244206375288324,2.38357140248945
"raw",300,"nb8",2.8,2.56666666666667,0.2,0.486666666666667,0.536269841269841,0.933333333333333,0.248381264416315,2.22122191018686
"cleaned",1000,"nb8",2.63333333333333,0.933333333333333,0.366666666666667,0.813333333333333,0.761111111111111,0.877777777777778,0.226122840270208,2.41276604861868
"raw",1000,"nb8",2.76666666666667,2.03333333333333,0.233333333333333,0.593333333333333,0.595793650793651,0.922222222222222,0.230006114972295,2.28800975804358
"cleaned",3000,"nb8",2.96666666666667,0.966666666666667,0.0333333333333333,0.806666666666667,0.780555555555556,0.988888888888889,0.202311515401217,2.56713292904323
"raw",3000,"nb8",3,2.2,0,0.56,0.592857142857143,1,0.205706671868871,2.38715047098827
"cleaned",10000,"nb8",2.8,0.766666666666667,0.2,0.846666666666667,0.817777777777778,0.933333333333333,0.188114560527843,2.56299655058327
"raw",10000,"nb8",2.83333333333333,1.7,0.166666666666667,0.66,0.666507936507936,0.944444444444444,0.191200516885434,2.41975186406695
