"n","arm","rep","criterion","tp","fp","fn","specificity","precision","recall","scaled_manhattan","combined_score"
300,"multinomial",1,"raw",2,2,1,0.6,0.5,0.666666666666667,0.0563496086425646,2.1103170580241
300,"multinomial",1,"cleaned",2,0,1,1,1,0.666666666666667,0.0447313825133761,2.62193528415329
300,"multinomial",2,"raw",3,1,0,0.8,0.75,1,0.10965111888511,2.64034888111489
300,"multinomial",2,"cleaned",3,0,0,1,1,1,0.10146660714795,2.89853339285205
300,"multinomial",3,"raw",3,2,0,0.6,0.6,1,0.216780715281116,2.38321928471888
300,"multinomial",3,"cleaned",3,1,0,0.8,0.75,1,0.209880639543544,2.54011936045646
300,"multinomial",4,"raw",3,2,0,0.6,0.6,1,0.0815152549391719,2.51848474506083
300,"multinomial",4,"cleaned",3,1,0,0.8,0.75,1,0.0796715473080523,2.67032845269195
300,"multinomial",5,"raw",3,1,0,0.8,0.75,1,0.184686911057484,2.56531308894252
300,"multinomial",5,"cleaned",3,1,0,0.8,0.75,1,0.184686911057484,2.56531308894252
300,"multinomial",6,"raw",3,3,0,0.4,0.5,1,0.150454723401459,2.34954527659854
300,"multinomial",6,"cleaned",3,2,0,0.6,0.6,1,0.143377165166568,2.45662283483343
300,"multinomial",7,"raw",3,2,0,0.6,0.6,1,0.273236708256541,2.32676329174346
300,"multinomial",7,"cleaned",3,1,0,0.8,0.75,1,0.267877718959895,2.4821222810401
300,"multinomial",8,"raw",3,3,0,0.4,0.5,1,0.0975605689939465,2.40243943100605
300,"multinomial",8,"cleaned",3,1,0,0.8,0.75,1,0.0861200953729161,2.66387990462708
300,"multinomial",9,"raw",3,3,0,0.4,0.5,1,0.146320803292092,2.35367919670791
300,"multinomial",9,"cleaned",3,3,0,0.4,0.5,1,0.146320803292092,2.35367919670791
300,"multinomial",10,"raw",3,3,0,0.4,0.5,1,0.175432204428062,2.32456779557194
300,"multinomial",10,"cleaned",3,3,0,0.4,0.5,1,0.175432204428062,2.32456779557194
300,"multinomial",11,"raw",3,4,0,0.2,0.428571428571429,1,0.092673521866731,2.3358979067047
300,"multinomial",11,"cleaned",3,2,0,0.6,0.6,1,0.0745371960591102,2.52546280394089
300,"multinomial",12,"raw",3,2,0,0.6,0.6,1,0.165751662699297,2.4342483373007
300,"multinomial",12,"cleaned",3,2,0,0.6,0.6,1,0.165751662699297,2.4342483373007
300,"multinomial",13,"raw",2,0,1,1,1,0.666666666666667,0.125888530179755,2.54077813648691
300,"multinomial",13,"cleaned",2,0,1,1,1,0.666666666666667,0.125888530179755,2.54077813648691
300,"multinomial",14,"raw",2,3,1,0.4,0.4,0.666666666666667,0.0605454213845118,2.00612124528215
300,"multinomial",14,"cleaned",2,0,1,1,1,0.666666666666667,0.0516713513730553,2.61499531529361
300,"multinomial",15,"raw",3,2,0,0.6,0.6,1,0.194243796289921,2.40575620371008
300,"multinomial",15,"cleaned",3,1,0,0.8,0.75,1,0.183940692259865,2.56605930774014
300,"multinomial",16,"raw",3,1,0,0.8,0.75,1,0.159775041838923,2.59022495816108
300,"multinomial",16,"cleaned",3,1,0,0.8,0.75,1,0.159775041838923,2.59022495816108
300,"multinomial",17,"raw",3,2,0,0.6,0.6,1,0.283624239924395,2.3163757600756
300,"multinomial",17,"cleaned",3,1,0,0.8,0.75,1,0.28343613341957,2.46656386658043
300,"multinomial",18,"raw",3,0,0,1,1,1,0.0512677747294885,2.94873222527051
300,"multinomial",18,"cleaned",3,0,0,1,1,1,0.0512677747294885,2.94873222527051
300,"multinomial",19,"raw",3,2,0,0.6,0.6,1,0.227971039726051,2.37202896027395
300,"multinomial",19,"cleaned",3,2,0,0.6,0.6,1,0.227971039726051,2.37202896027395
300,"multinomial",20,"raw",3,0,0,1,1,1,0.0922554147400428,2.90774458525996
300,"multinomial",20,"cleaned",3,0,0,1,1,1,0.0922554147400428,2.90774458525996
300,"multinomial",21,"raw",3,2,0,0.6,0.6,1,0.0930104614586442,2.50698953854136
300,"multinomial",21,"cleaned",2,1,1,0.8,0.666666666666667,0.666666666666667,0.101370521774133,2.2319628115592
300,"multinomial",22,"raw",2,1,1,0.8,0.666666666666667,0.666666666666667,0.0767192930110466,2.25661404032229
300,"multinomial",22,"cleaned",2,1,1,0.8,0.666666666666667,0.666666666666667,0.0767192930110466,2.25661404032229
300,"multinomial",23,"raw",3,3,0,0.4,0.5,1,0.15890355286601,2.34109644713399
300,"multinomial",23,"cleaned",3,1,0,0.8,0.75,1,0.149743907627992,2.60025609237201
300,"multinomial",24,"raw",3,2,0,0.6,0.6,1,0.259313829366794,2.34068617063321
300,"multinomial",24,"cleaned",3,2,0,0.6,0.6,1,0.259313829366794,2.34068617063321
300,"multinomial",25,"raw",3,1,0,0.8,0.75,1,0.0458916378809358,2.70410836211906
300,"multinomial",25,"cleaned",3,0,0,1,1,1,0.0441342303721357,2.95586576962786
300,"multinomial",26,"raw",3,0,0,1,1,1,0.0778560326555602,2.92214396734444
300,"multinomial",26,"cleaned",3,0,0,1,1,1,0.0778560326555602,2.92214396734444
300,"multinomial",27,"raw",3,2,0,0.6,0.6,1,0.087054032154343,2.51294596784566
300,"multinomial",27,"cleaned",3,0,0,1,1,1,0.0760035461542392,2.92399645384576
300,"multinomial",28,"raw",3,3,0,0.4,0.5,1,0.0733304738926448,2.42666952610736
300,"multinomial",28,"cleaned",3,2,0,0.6,0.6,1,0.0658292123214471,2.53417078767855
300,"multinomial",29,"raw",2,2,1,0.6,0.5,0.666666666666667,0.0721754235015308,2.09449124316514
300,"multinomial",29,"cleaned",2,1,1,0.8,0.666666666666667,0.666666666666667,0.0670448994998974,2.26628843383344
300,"multinomial",30,"raw",2,1,1,0.8,0.666666666666667,0.666666666666667,0.0508951540214315,2.2824381793119
300,"multinomial",30,"cleaned",2,0,1,1,1,0.666666666666667,0.0459070821392199,2.62075958452745
300,"nb8",1,"raw",3,2,0,0.6,0.6,1,0.226027762052153,2.37397223794785
300,"nb8",1,"cleaned",3,1,0,0.8,0.75,1,0.224803451755944,2.52519654824406
300,"nb8",2,"raw",3,2,0,0.6,0.6,1,0.244740004365171,2.35525999563483
300,"nb8",2,"cleaned",3,1,0,0.8,0.75,1,0.240933177609882,2.50906682239012
300,"nb8",3,"raw",3,3,0,0.4,0.5,1,0.172805375583119,2.32719462441688
300,"nb8",3,"cleaned",3,2,0,0.6,0.6,1,0.172182813907156,2.42781718609284
300,"nb8",4,"raw",3,3,0,0.4,0.5,1,0.189873111637969,2.31012688836203
300,"nb8",4,"cleaned",3,2,0,0.6,0.6,1,0.186275777929205,2.41372422207079
300,"nb8",5,"raw",3,2,0,0.6,0.6,1,0.381212264701868,2.21878773529813
300,"nb8",5,"cleaned",3,2,0,0.6,0.6,1,0.381212264701868,2.21878773529813
300,"nb8",6,"raw",3,1,0,0.8,0.75,1,0.166354178356646,2.58364582164335
300,"nb8",6,"cleaned",3,0,0,1,1,1,0.160188207057179,2.83981179294282
300,"nb8",7,"raw",3,4,0,0.2,0.428571428571429,1,0.346269742030062,2.08230168654137
300,"nb8",7,"cleaned",3,2,0,0.6,0.6,1,0.333458058878394,2.26654194112161
300,"nb8",8,"raw",3,1,0,0.8,0.75,1,0.382150302479728,2.36784969752027
300,"nb8",8,"cleaned",3,1,0,0.8,0.75,1,0.382150302479728,2.36784969752027
300,"nb8",9,"raw",3,2,0,0.6,0.6,1,0.235827855668824,2.36417214433118
300,"nb8",9,"cleaned",3,1,0,0.8,0.75,1,0.229750552916246,2.52024944708375
300,"nb8",10,"raw",3,4,0,0.2,0.428571428571429,1,0.125553189270751,2.30301823930068
300,"nb8",10,"cleaned",3,2,0,0.6,0.6,1,0.122207895114551,2.47779210488545
300,"nb8",11,"raw",3,2,0,0.6,0.6,1,0.214281399118189,2.38571860088181
300,"nb8",11,"cleaned",3,1,0,0.8,0.75,1,0.210827070425669,2.53917292957433
300,"nb8",12,"raw",3,1,0,0.8,0.75,1,0.0323863803420136,2.71761361965799
300,"nb8",12,"cleaned",3,0,0,1,1,1,0.0273226697551554,2.97267733024484
300,"nb8",13,"raw",2,3,1,0.4,0.4,0.666666666666667,0.128878275338324,1.93778839132834
300,"nb8",13,"cleaned",2,1,1,0.8,0.666666666666667,0.666666666666667,0.123471493845647,2.20986183948769
300,"nb8",14,"raw",3,2,0,0.6,0.6,1,0.429684306265468,2.17031569373453
300,"nb8",14,"cleaned",3,2,0,0.6,0.6,1,0.429684306265468,2.17031569373453
300,"nb8",15,"raw",2,5,1,0,0.285714285714286,0.666666666666667,0.50859568757277,1.44378526480818
300,"nb8",15,"cleaned",2,3,1,0.4,0.4,0.666666666666667,0.500104053862896,1.56656261280377
300,"nb8",16,"raw",3,3,0,0.4,0.5,1,0.581674122944702,1.9183258770553
300,"nb8",16,"cleaned",3,2,0,0.6,0.6,1,0.575843974025486,2.02415602597451
300,"nb8",17,"raw",3,2,0,0.6,0.6,1,0.118556275246959,2.48144372475304
300,"nb8",17,"cleaned",3,0,0,1,1,1,0.113335108992636,2.88666489100736
300,"nb8",18,"raw",2,3,1,0.4,0.4,0.666666666666667,0.320668333735038,1.74599833293163
300,"nb8",18,"cleaned",2,2,1,0.6,0.5,0.666666666666667,0.320347025270958,1.84631964139571
300,"nb8",19,"raw",3,3,0,0.4,0.5,1,0.508967443083244,1.99103255691676
300,"nb8",19,"cleaned",3,2,0,0.6,0.6,1,0.50408623865255,2.09591376134745
300,"nb8",20,"raw",3,2,0,0.6,0.6,1,0.310239316455146,2.28976068354485
300,"nb8",20,"cleaned",3,2,0,0.6,0.6,1,0.310239316455146,2.28976068354485
300,"nb8",21,"raw",3,3,0,0.4,0.5,1,0.100539049699974,2.39946095030003
300,"nb8",21,"cleaned",3,1,0,0.8,0.75,1,0.0967067532881171,2.65329324671188
300,"nb8",22,"raw",3,3,0,0.4,0.5,1,0.178212843934972,2.32178715606503
300,"nb8",22,"cleaned",3,2,0,0.6,0.6,1,0.176962676683788,2.42303732331621
300,"nb8",23,"raw",2,3,1,0.4,0.4,0.666666666666667,0.208526574068472,1.85814009259819
300,"nb8",23,"cleaned",2,1,1,0.8,0.666666666666667,0.666666666666667,0.205936404651545,2.12739692868179
300,"nb8",24,"raw",3,4,0,0.2,0.428571428571429,1,0.0957646311647312,2.3328067974067
300,"nb8",24,"cleaned",2,1,1,0.8,0.666666666666667,0.666666666666667,0.0879326885873866,2.24540064474595
300,"nb8",25,"raw",3,3,0,0.4,0.5,1,0.267596828281398,2.2324031717186
300,"nb8",25,"cleaned",3,1,0,0.8,0.75,1,0.253775392005664,2.49622460799434
300,"nb8",26,"raw",2,3,1,0.4,0.4,0.666666666666667,0.0983533261703739,1.96831334049629
300,"nb8",26,"cleaned",2,1,1,0.8,0.666666666666667,0.666666666666667,0.089880009457369,2.24345332387596
300,"nb8",27,"raw",3,2,0,0.6,0.6,1,0.289604128499802,2.3103958715002
300,"nb8",27,"cleaned",3,1,0,0.8,0.75,1,0.281501533968339,2.46849846603166
300,"nb8",28,"raw",3,3,0,0.4,0.5,1,0.321214808727971,2.17878519127203
300,"nb8",28,"cleaned",3,2,0,0.6,0.6,1,0.319277902817895,2.2807220971821
300,"nb8",29,"raw",3,2,0,0.6,0.6,1,0.0524101207939298,2.54758987920607
300,"nb8",29,"cleaned",3,0,0,1,1,1,0.0517111712433243,2.94828882875668
300,"nb8",30,"raw",2,1,1,0.8,0.666666666666667,0.666666666666667,0.214470294899672,2.11886303843366
300,"nb8",30,"cleaned",2,0,1,1,1,0.666666666666667,0.214082966044513,2.45258370062215
1000,"multinomial",1,"raw",3,1,0,0.8,0.75,1,0.0340858382668151,2.71591416173318
1000,"multinomial",1,"cleaned",2,1,1,0.8,0.666666666666667,0.666666666666667,0.0355733657265613,2.29775996760677
1000,"multinomial",2,"raw",3,3,0,0.4,0.5,1,0.0755570427141622,2.42444295728584
1000,"multinomial",2,"cleaned",3,1,0,0.8,0.75,1,0.068499222451118,2.68150077754888
1000,"multinomial",3,"raw",3,5,0,0,0.375,1,0.131189935906241,2.24381006409376
1000,"multinomial",3,"cleaned",3,1,0,0.8,0.75,1,0.120249708407949,2.62975029159205
1000,"multinomial",4,"raw",3,2,0,0.6,0.6,1,0.133456089037682,2.46654391096232
1000,"multinomial",4,"cleaned",3,0,0,1,1,1,0.124450254629746,2.87554974537025
1000,"multinomial",5,"raw",3,3,0,0.4,0.5,1,0.104632615343071,2.39536738465693
1000,"multinomial",5,"cleaned",3,1,0,0.8,0.75,1,0.0933009400250822,2.65669905997492
1000,"multinomial",6,"raw",3,2,0,0.6,0.6,1,0.0644839447165901,2.53551605528341
1000,"multinomial",6,"cleaned",3,1,0,0.8,0.75,1,0.060443167604343,2.68955683239566
1000,"multinomial",7,"raw",3,1,0,0.8,0.75,1,0.0536391068540253,2.69636089314597
1000,"multinomial",7,"cleaned",3,1,0,0.8,0.75,1,0.0536391068540253,2.69636089314597
1000,"multinomial",8,"raw",3,2,0,0.6,0.6,1,0.0374145581795814,2.56258544182042
1000,"multinomial",8,"cleaned",3,1,0,0.8,0.75,1,0.0324405571662854,2.71755944283371
1000,"multinomial",9,"raw",3,2,0,0.6,0.6,1,0.0337933314368001,2.5662066685632
1000,"multinomial",9,"cleaned",3,0,0,1,1,1,0.0243507291960945,2.9756492708039
1000,"multinomial",10,"raw",3,2,0,0.6,0.6,1,0.0527499497792525,2.54725005022075
1000,"multinomial",10,"cleaned",3,0,0,1,1,1,0.0505986391709498,2.94940136082905
1000,"multinomial",11,"raw",3,4,0,0.2,0.428571428571429,1,0.114026241842826,2.3145451867286
1000,"multinomial",11,"cleaned",3,1,0,0.8,0.75,1,0.101048082366236,2.64895191763376
1000,"multinomial",12,"raw",3,2,0,0.6,0.6,1,0.0236522067745911,2.57634779322541
1000,"multinomial",12,"cleaned",3,0,0,1,1,1,0.0160981280892782,2.98390187191072
1000,"multinomial",13,"raw",3,1,0,0.8,0.75,1,0.0640509771702344,2.68594902282977
1000,"multinomial",13,"cleaned",3,1,0,0.8,0.75,1,0.0640509771702344,2.68594902282977
1000,"multinomial",14,"raw",3,3,0,0.4,0.5,1,0.16422374142953,2.33577625857047
1000,"multinomial",14,"cleaned",3,1,0,0.8,0.75,1,0.155496886212496,2.5945031137875
1000,"multinomial",15,"raw",2,3,1,0.4,0.4,0.666666666666667,0.275267678824244,1.79139898784242
1000,"multinomial",15,"cleaned",2,1,1,0.8,0.666666666666667,0.666666666666667,0.270790606947734,2.0625427263856
1000,"multinomial",16,"raw",3,2,0,0.6,0.6,1,0.129918943472517,2.47008105652748
1000,"multinomial",16,"cleaned",3,0,0,1,1,1,0.124639487461972,2.87536051253803
1000,"multinomial",17,"raw",3,4,0,0.2,0.428571428571429,1,0.085966934072731,2.3426044944987
1000,"multinomial",17,"cleaned",3,1,0,0.8,0.75,1,0.0736230439141914,2.67637695608581
1000,"multinomial",18,"raw",3,3,0,0.4,0.5,1,0.0525764597855885,2.44742354021441
1000,"multinomial",18,"cleaned",3,1,0,0.8,0.75,1,0.0435036998655758,2.70649630013442
1000,"multinomial",19,"raw",2,1,1,0.8,0.666666666666667,0.666666666666667,0.0627346004029657,2.27059873293037
1000,"multinomial",19,"cleaned",2,0,1,1,1,0.666666666666667,0.0556607022584187,2.61100596440825
1000,"multinomial",20,"raw",3,1,0,0.8,0.75,1,0.041872731045555,2.70812726895445
1000,"multinomial",20,"cleaned",3,0,0,1,1,1,0.0401775062671993,2.9598224937328
1000,"multinomial",21,"raw",3,1,0,0.8,0.75,1,0.0821011136245493,2.66789888637545
1000,"multinomial",21,"cleaned",3,0,0,1,1,1,0.0801216539791458,2.91987834602085
1000,"multinomial",22,"raw",3,4,0,0.2,0.428571428571429,1,0.0514954347608396,2.37707599381059
1000,"multinomial",22,"cleaned",3,0,0,1,1,1,0.0329217153185496,2.96707828468145
1000,"multinomial",23,"raw",3,1,0,0.8,0.75,1,0.0937919595223679,2.65620804047763
1000,"multinomial",23,"cleaned",3,1,0,0.8,0.75,1,0.0937919595223679,2.65620804047763
1000,"multinomial",24,"raw",2,1,1,0.8,0.666666666666667,0.666666666666667,0.0860684000151105,2.24726493331822
1000,"multinomial",24,"cleaned",2,1,1,0.8,0.666666666666667,0.666666666666667,0.0860684000151105,2.24726493331822
1000,"multinomial",25,"raw",3,3,0,0.4,0.5,1,0.0927465809259238,2.40725341907408
1000,"multinomial",25,"cleaned",3,0,0,1,1,1,0.0751992487362478,2.92480075126375
1000,"multinomial",26,"raw",3,2,0,0.6,0.6,1,0.0795265724755783,2.52047342752442
1000,"multinomial",26,"cleaned",3,1,0,0.8,0.75,1,0.0781525371865666,2.67184746281343
1000,"multinomial",27,"raw",3,3,0,0.4,0.5,1,0.0845807331579742,2.41541926684203
1000,"multinomial",27,"cleaned",3,1,0,0.8,0.75,1,0.0780575066741126,2.67194249332589
1000,"multinomial",28,"raw",3,3,0,0.4,0.5,1,0.0612510498465022,2.4387489501535
1000,"multinomial",28,"cleaned",3,2,0,0.6,0.6,1,0.0524865567987208,2.54751344320128
1000,"multinomial",29,"raw",3,2,0,0.6,0.6,1,0.0277098047527147,2.57229019524729
1000,"multinomial",29,"cleaned",3,0,0,1,1,1,0.0269260322484203,2.97307396775158
1000,"multinomial",30,"raw",3,0,0,1,1,1,0.0319639922486787,2.96803600775132
1000,"multinomial",30,"cleaned",3,0,0,1,1,1,0.0319639922486787,2.96803600775132
1000,"nb8",1,"raw",3,1,0,0.8,0.75,1,0.218896197456098,2.5311038025439
1000,"nb8",1,"cleaned",2,1,1,0.8,0.666666666666667,0.666666666666667,0.225047525562572,2.10828580777076
1000,"nb8",2,"raw",3,4,0,0.2,0.428571428571429,1,0.25180147218295,2.17676995638848
1000,"nb8",2,"cleaned",3,2,0,0.6,0.6,1,0.249837924730239,2.35016207526976
1000,"nb8",3,"raw",3,2,0,0.6,0.6,1,0.190498169464152,2.40950183053585
1000,"nb8",3,"cleaned",3,1,0,0.8,0.75,1,0.188680352399405,2.56131964760059
1000,"nb8",4,"raw",3,3,0,0.4,0.5,1,0.299189574950845,2.20081042504916
1000,"nb8",4,"cleaned",3,0,0,1,1,1,0.290366956315982,2.70963304368402
1000,"nb8",5,"raw",3,1,0,0.8,0.75,1,0.0452690364858816,2.70473096351412
1000,"nb8",5,"cleaned",3,0,0,1,1,1,0.043950862390734,2.95604913760927
1000,"nb8",6,"raw",2,3,1,0.4,0.4,0.666666666666667,0.234866661394215,1.83180000527245
1000,"nb8",6,"cleaned",2,0,1,1,1,0.666666666666667,0.218299907901476,2.44836675876519
1000,"nb8",7,"raw",3,2,0,0.6,0.6,1,0.23474768064862,2.36525231935138
1000,"nb8",7,"cleaned",3,1,0,0.8,0.75,1,0.225670140123556,2.52432985987644
1000,"nb8",8,"raw",3,2,0,0.6,0.6,1,0.348090227900215,2.25190977209978
1000,"nb8",8,"cleaned",3,1,0,0.8,0.75,1,0.345971719661766,2.40402828033823
1000,"nb8",9,"raw",2,1,1,0.8,0.666666666666667,0.666666666666667,0.369289551579665,1.96404378175367
1000,"nb8",9,"cleaned",2,1,1,0.8,0.666666666666667,0.666666666666667,0.369289551579665,1.96404378175367
1000,"nb8",10,"raw",3,4,0,0.2,0.428571428571429,1,0.499762218601119,1.92880920997031
1000,"nb8",10,"cleaned",3,2,0,0.6,0.6,1,0.489170187763888,2.11082981223611
1000,"nb8",11,"raw",3,1,0,0.8,0.75,1,0.280314521155926,2.46968547884407
1000,"nb8",11,"cleaned",3,1,0,0.8,0.75,1,0.280314521155926,2.46968547884407
1000,"nb8",12,"raw",3,3,0,0.4,0.5,1,0.366373068879005,2.133626931121
1000,"nb8",12,"cleaned",2,1,1,0.8,0.666666666666667,0.666666666666667,0.365286424617076,1.96804690871626
1000,"nb8",13,"raw",3,1,0,0.8,0.75,1,0.124876943154476,2.62512305684552
1000,"nb8",13,"cleaned",3,0,0,1,1,1,0.122646369850857,2.87735363014914
1000,"nb8",14,"raw",3,1,0,0.8,0.75,1,0.319454698151026,2.43054530184897
1000,"nb8",14,"cleaned",3,1,0,0.8,0.75,1,0.319454698151026,2.43054530184897
1000,"nb8",15,"raw",3,3,0,0.4,0.5,1,0.290784735048168,2.20921526495183
1000,"nb8",15,"cleaned",3,1,0,0.8,0.75,1,0.285059816971912,2.46494018302809
1000,"nb8",16,"raw",2,2,1,0.6,0.5,0.666666666666667,0.134748113002093,2.03191855366457
1000,"nb8",16,"cleaned",2,1,1,0.8,0.666666666666667,0.666666666666667,0.134530005935046,2.19880332739829
1000,"nb8",17,"raw",3,2,0,0.6,0.6,1,0.284776120709276,2.31522387929072
1000,"nb8",17,"cleaned",3,1,0,0.8,0.75,1,0.280368713025282,2.46963128697472
1000,"nb8",18,"raw",2,1,1,0.8,0.666666666666667,0.666666666666667,0.0850576581282656,2.24827567520507
1000,"nb8",18,"cleaned",2,1,1,0.8,0.666666666666667,0.666666666666667,0.0850576581282656,2.24827567520507
1000,"nb8",19,"raw",3,2,0,0.6,0.6,1,0.079038515651074,2.52096148434893
1000,"nb8",19,"cleaned",2,0,1,1,1,0.666666666666667,0.064380775464623,2.60228589120204
1000,"nb8",20,"raw",2,3,1,0.4,0.4,0.666666666666667,0.548786670767548,1.51787999589912
1000,"nb8",20,"cleaned",2,1,1,0.8,0.666666666666667,0.666666666666667,0.541521316795882,1.79181201653745
1000,"nb8",21,"raw",3,3,0,0.4,0.5,1,0.312510894244921,2.18748910575508
1000,"nb8",21,"cleaned",3,2,0,0.6,0.6,1,0.30994551452596,2.29005448547404
1000,"nb8",22,"raw",2,2,1,0.6,0.5,0.666666666666667,0.159963121353971,2.0067035453127
1000,"nb8",22,"cleaned",2,1,1,0.8,0.666666666666667,0.666666666666667,0.158975466878119,2.17435786645521
1000,"nb8",23,"raw",3,2,0,0.6,0.6,1,0.212666895219313,2.38733310478069
1000,"nb8",23,"cleaned",3,0,0,1,1,1,0.204857556149324,2.79514244385068
1000,"nb8",24,"raw",3,1,0,0.8,0.75,1,0.0325338276913229,2.71746617230868
1000,"nb8",24,"cleaned",2,0,1,1,1,0.666666666666667,0.0247022404194486,2.64196442624722
1000,"nb8",25,"raw",3,1,0,0.8,0.75,1,0.0645099005825134,2.68549009941749
1000,"nb8",25,"cleaned",3,1,0,0.8,0.75,1,0.0645099005825134,2.68549009941749
1000,"nb8",26,"raw",2,4,1,0.2,0.333333333333333,0.666666666666667,0.255629499616125,1.74437050038387
1000,"nb8",26,"cleaned",2,1,1,0.8,0.666666666666667,0.666666666666667,0.240041625875625,2.09329170745771
1000,"nb8",27,"raw",3,2,0,0.6,0.6,1,0.124257924627692,2.47574207537231
1000,"nb8",27,"cleaned",3,2,0,0.6,0.6,1,0.124257924627692,2.47574207537231
1000,"nb8",28,"raw",3,1,0,0.8,0.75,1,0.176124908505334,2.57387509149467
1000,"nb8",28,"cleaned",3,1,0,0.8,0.75,1,0.176124908505334,2.57387509149467
1000,"nb8",29,"raw",3,1,0,0.8,0.75,1,0.159286938544098,2.5907130614559
1000,"nb8",29,"cleaned",3,1,0,0.8,0.75,1,0.159286938544098,2.5907130614559
1000,"nb8",30,"raw",3,2,0,0.6,0.6,1,0.196077703472952,2.40392229652705
1000,"nb8",30,"cleaned",3,2,0,0.6,0.6,1,0.196077703472952,2.40392229652705
3000,"multinomial",1,"raw",3,2,0,0.6,0.6,1,0.0397335569908797,2.56026644300912
3000,"multinomial",1,"cleaned",3,1,0,0.8,0.75,1,0.0392923715054039,2.7107076284946
3000,"multinomial",2,"raw",3,1,0,0.8,0.75,1,0.0273061107761542,2.72269388922385
3000,"multinomial",2,"cleaned",3,0,0,1,1,1,0.0236469727752891,2.97635302722471
3000,"multinomial",3,"raw",3,2,0,0.6,0.6,1,0.0302008346757322,2.56979916532427
3000,"multinomial",3,"cleaned",3,0,0,1,1,1,0.0205535151277038,2.9794464848723
3000,"multinomial",4,"raw",3,2,0,0.6,0.6,1,0.0232426434886265,2.57675735651137
3000,"multinomial",4,"cleaned",3,0,0,1,1,1,0.0175790582613264,2.98242094173867
3000,"multinomial",5,"raw",3,3,0,0.4,0.5,1,0.0361949159235069,2.46380508407649
3000,"multinomial",5,"cleaned",3,0,0,1,1,1,0.0324436153635925,2.96755638463641
3000,"multinomial",6,"raw",3,4,0,0.2,0.428571428571429,1,0.0975039839149355,2.33106744465649
3000,"multinomial",6,"cleaned",3,1,0,0.8,0.75,1,0.0924750472111613,2.65752495278884
3000,"multinomial",7,"raw",3,2,0,0.6,0.6,1,0.0359459476486297,2.56405405235137
3000,"multinomial",7,"cleaned",2,0,1,1,1,0.666666666666667,0.0360775839540804,2.63058908271259
3000,"multinomial",8,"raw",3,3,0,0.4,0.5,1,0.0487688272790178,2.45123117272098
3000,"multinomial",8,"cleaned",3,1,0,0.8,0.75,1,0.0464891842747486,2.70351081572525
3000,"multinomial",9,"raw",3,1,0,0.8,0.75,1,0.0587072476125816,2.69129275238742
3000,"multinomial",9,"cleaned",3,1,0,0.8,0.75,1,0.0587072476125816,2.69129275238742
3000,"multinomial",10,"raw",3,3,0,0.4,0.5,1,0.0315296527849737,2.46847034721503
3000,"multinomial",10,"cleaned",3,1,0,0.8,0.75,1,0.0267175602725965,2.7232824397274
3000,"multinomial",11,"raw",3,2,0,0.6,0.6,1,0.075390026696088,2.52460997330391
3000,"multinomial",11,"cleaned",3,0,0,1,1,1,0.0675293946894829,2.93247060531052
3000,"multinomial",12,"raw",3,2,0,0.6,0.6,1,0.0456530523842129,2.55434694761579
3000,"multinomial",12,"cleaned",3,1,0,0.8,0.75,1,0.0451413737330119,2.70485862626699
3000,"multinomial",13,"raw",3,2,0,0.6,0.6,1,0.0271433227478181,2.57285667725218
3000,"multinomial",13,"cleaned",3,0,0,1,1,1,0.0260136241813093,2.97398637581869
3000,"multinomial",14,"raw",3,4,0,0.2,0.428571428571429,1,0.0820082926438519,2.34656313592758
3000,"multinomial",14,"cleaned",3,1,0,0.8,0.75,1,0.0709320038331378,2.67906799616686
3000,"multinomial",15,"raw",3,3,0,0.4,0.5,1,0.0535083835198501,2.44649161648015
3000,"multinomial",15,"cleaned",3,1,0,0.8,0.75,1,0.0508694099889537,2.69913059001105
3000,"multinomial",16,"raw",3,1,0,0.8,0.75,1,0.0604989983477193,2.68950100165228
3000,"multinomial",16,"cleaned",3,1,0,0.8,0.75,1,0.0604989983477193,2.68950100165228
3000,"multinomial",17,"raw",3,0,0,1,1,1,0.014735120451842,2.98526487954816
3000,"multinomial",17,"cleaned",3,0,0,1,1,1,0.014735120451842,2.98526487954816
3000,"multinomial",18,"raw",3,4,0,0.2,0.428571428571429,1,0.0927374651848855,2.33583396338654
3000,"multinomial",18,"cleaned",3,1,0,0.8,0.75,1,0.0824017678390962,2.6675982321609
3000,"multinomial",19,"raw",3,0,0,1,1,1,0.00606505552136363,2.99393494447864
3000,"multinomial",19,"cleaned",3,0,0,1,1,1,0.00606505552136363,2.99393494447864
3000,"multinomial",20,"raw",3,2,0,0.6,0.6,1,0.0278286897231911,2.57217131027681
3000,"multinomial",20,"cleaned",3,0,0,1,1,1,0.0189953178833599,2.98100468211664
3000,"multinomial",21,"raw",3,1,0,0.8,0.75,1,0.0259588261058827,2.72404117389412
3000,"multinomial",21,"cleaned",3,0,0,1,1,1,0.0245330166800333,2.97546698331997
3000,"multinomial",22,"raw",3,3,0,0.4,0.5,1,0.0284888575734361,2.47151114242656
3000,"multinomial",22,"cleaned",3,1,0,0.8,0.75,1,0.0262889378752613,2.72371106212474
3000,"multinomial",23,"raw",3,1,0,0.8,0.75,1,0.0120941799126513,2.73790582008735
3000,"multinomial",23,"cleaned",3,0,0,1,1,1,0.0101064717152755,2.98989352828472
3000,"multinomial",24,"raw",3,2,0,0.6,0.6,1,0.0400570258941531,2.55994297410585
3000,"multinomial",24,"cleaned",3,1,0,0.8,0.75,1,0.0383965273847588,2.71160347261524
3000,"multinomial",25,"raw",3,2,0,0.6,0.6,1,0.159457704631577,2.44054229536842
3000,"multinomial",25,"cleaned",3,1,0,0.8,0.75,1,0.158528269375335,2.59147173062467
3000,"multinomial",26,"raw",3,2,0,0.6,0.6,1,0.044380197470423,2.55561980252958
3000,"multinomial",26,"cleaned",3,0,0,1,1,1,0.0375281824213786,2.96247181757862
3000,"multinomial",27,"raw",3,2,0,0.6,0.6,1,0.0278799957986849,2.57212000420132
3000,"multinomial",27,"cleaned",3,0,0,1,1,1,0.0263700322568249,2.97362996774318
3000,"multinomial",28,"raw",3,2,0,0.6,0.6,1,0.0235973483853361,2.57640265161466
3000,"multinomial",28,"cleaned",3,0,0,1,1,1,0.0142206169937296,2.98577938300627
3000,"multinomial",29,"raw",3,0,0,1,1,1,0.0561968351689904,2.94380316483101
3000,"multinomial",29,"cleaned",3,0,0,1,1,1,0.0561968351689904,2.94380316483101
3000,"multinomial",30,"raw",3,0,0,1,1,1,0.0445360577203466,2.95546394227965
3000,"multinomial",30,"cleaned",3,0,0,1,1,1,0.0445360577203466,2.95546394227965
3000,"nb8",1,"raw",3,2,0,0.6,0.6,1,0.18359915943129,2.41640084056871
3000,"nb8",1,"cleaned",3,1,0,0.8,0.75,1,0.180710515925708,2.56928948407429
3000,"nb8",2,"raw",3,2,0,0.6,0.6,1,0.260562452221388,2.33943754777861
3000,"nb8",2,"cleaned",3,1,0,0.8,0.75,1,0.257051166428817,2.49294883357118
3000,"nb8",3,"raw",3,2,0,0.6,0.6,1,0.0982611378502199,2.50173886214978
3000,"nb8",3,"cleaned",3,0,0,1,1,1,0.0935793924526059,2.90642060754739
3000,"nb8",4,"raw",3,2,0,0.6,0.6,1,0.0792035218899393,2.52079647811006
3000,"nb8",4,"cleaned",3,1,0,0.8,0.75,1,0.0698604672372907,2.68013953276271
3000,"nb8",5,"raw",3,4,0,0.2,0.428571428571429,1,0.59205685300063,1.8365145755708
3000,"nb8",5,"cleaned",3,3,0,0.4,0.5,1,0.590826631218236,1.90917336878176
3000,"nb8",6,"raw",3,2,0,0.6,0.6,1,0.0922303736833813,2.50776962631662
3000,"nb8",6,"cleaned",3,1,0,0.8,0.75,1,0.087651461991432,2.66234853800857
3000,"nb8",7,"raw",3,1,0,0.8,0.75,1,0.101824703249385,2.64817529675062
3000,"nb8",7,"cleaned",3,0,0,1,1,1,0.0985210205473366,2.90147897945266
3000,"nb8",8,"raw",3,2,0,0.6,0.6,1,0.0526869661109683,2.54731303388903
3000,"nb8",8,"cleaned",3,0,0,1,1,1,0.0429900865703796,2.95700991342962
3000,"nb8",9,"raw",3,3,0,0.4,0.5,1,0.118176663657033,2.38182333634297
3000,"nb8",9,"cleaned",3,1,0,0.8,0.75,1,0.116719083287301,2.6332809167127
3000,"nb8",10,"raw",3,2,0,0.6,0.6,1,0.434133823081698,2.1658661769183
3000,"nb8",10,"cleaned",3,1,0,0.8,0.75,1,0.433923035269473,2.31607696473053
3000,"nb8",11,"raw",3,3,0,0.4,0.5,1,0.158274869926019,2.34172513007398
3000,"nb8",11,"cleaned",3,1,0,0.8,0.75,1,0.153927308191722,2.59607269180828
3000,"nb8",12,"raw",3,2,0,0.6,0.6,1,0.183105763958611,2.41689423604139
3000,"nb8",12,"cleaned",2,1,1,0.8,0.666666666666667,0.666666666666667,0.186614062967456,2.14671927036588
3000,"nb8",13,"raw",3,3,0,0.4,0.5,1,0.106401232465101,2.3935987675349
3000,"nb8",13,"cleaned",3,0,0,1,1,1,0.0983428363542844,2.90165716364572
3000,"nb8",14,"raw",3,1,0,0.8,0.75,1,0.0659705449665004,2.6840294550335
3000,"nb8",14,"cleaned",3,0,0,1,1,1,0.0636193186263182,2.93638068137368
3000,"nb8",15,"raw",3,3,0,0.4,0.5,1,0.235043235308495,2.2649567646915
3000,"nb8",15,"cleaned",3,2,0,0.6,0.6,1,0.230876348827806,2.36912365117219
3000,"nb8",16,"raw",3,1,0,0.8,0.75,1,0.317066989134128,2.43293301086587
3000,"nb8",16,"cleaned",3,0,0,1,1,1,0.315551109509616,2.68444889049038
3000,"nb8",17,"raw",3,2,0,0.6,0.6,1,0.299003656497622,2.30099634350238
3000,"nb8",17,"cleaned",3,1,0,0.8,0.75,1,0.297610232576291,2.45238976742371
3000,"nb8",18,"raw",3,2,0,0.6,0.6,1,0.108706627551418,2.49129337244858
3000,"nb8",18,"cleaned",3,0,0,1,1,1,0.105508508705311,2.89449149129469
3000,"nb8",19,"raw",3,4,0,0.2,0.428571428571429,1,0.443192142840838,1.98537928573059
3000,"nb8",19,"cleaned",3,2,0,0.6,0.6,1,0.433439589085046,2.16656041091495
3000,"nb8",20,"raw",3,1,0,0.8,0.75,1,0.0592162267436229,2.69078377325638
3000,"nb8",20,"cleaned",3,1,0,0.8,0.75,1,0.0592162267436229,2.69078377325638
3000,"nb8",21,"raw",3,2,0,0.6,0.6,1,0.078969371835103,2.5210306281649
3000,"nb8",21,"cleaned",3,1,0,0.8,0.75,1,0.0777534601790815,2.67224653982092
3000,"nb8",22,"raw",3,2,0,0.6,0.6,1,0.109403190745491,2.49059680925451
3000,"nb8",22,"cleaned",3,1,0,0.8,0.75,1,0.106784745852646,2.64321525414735
3000,"nb8",23,"raw",3,2,0,0.6,0.6,1,0.212346114372209,2.38765388562779
3000,"nb8",23,"cleaned",3,1,0,0.8,0.75,1,0.211799861238567,2.53820013876143
3000,"nb8",24,"raw",3,1,0,0.8,0.75,1,0.268890011165566,2.48110998883443
3000,"nb8",24,"cleaned",3,1,0,0.8,0.75,1,0.268890011165566,2.48110998883443
3000,"nb8",25,"raw",3,2,0,0.6,0.6,1,0.270716150746829,2.32928384925317
3000,"nb8",25,"cleaned",3,2,0,0.6,0.6,1,0.270716150746829,2.32928384925317
3000,"nb8",26,"raw",3,3,0,0.4,0.5,1,0.407852042051379,2.09214795794862
3000,"nb8",26,"cleaned",3,2,0,0.6,0.6,1,0.403537507738552,2.19646249226145
3000,"nb8",27,"raw",3,3,0,0.4,0.5,1,0.336998979969673,2.16300102003033
3000,"nb8",27,"cleaned",3,2,0,0.6,0.6,1,0.336837308648397,2.2631626913516
3000,"nb8",28,"raw",3,1,0,0.8,0.75,1,0.262531197163143,2.48746880283686
3000,"nb8",28,"cleaned",3,0,0,1,1,1,0.258419812206702,2.7415801877933
3000,"nb8",29,"raw",3,4,0,0.2,0.428571428571429,1,0.124139020238611,2.30443240833282
3000,"nb8",29,"cleaned",3,1,0,0.8,0.75,1,0.110166563451014,2.63983343654899
3000,"nb8",30,"raw",3,2,0,0.6,0.6,1,0.110637134209854,2.48936286579015
3000,"nb8",30,"cleaned",3,1,0,0.8,0.75,1,0.107901638293116,2.64209836170688
10000,"multinomial",1,"raw",3,1,0,0.8,0.75,1,0.0136320082709445,2.73636799172906
10000,"multinomial",1,"cleaned",3,0,0,1,1,1,0.0041505148626924,2.99584948513731
10000,"multinomial",2,"raw",3,0,0,1,1,1,0.0067783313750565,2.99322166862494
10000,"multinomial",2,"cleaned",3,0,0,1,1,1,0.0067783313750565,2.99322166862494
10000,"multinomial",3,"raw",3,2,0,0.6,0.6,1,0.0317523526947869,2.56824764730521
10000,"multinomial",3,"cleaned",2,1,1,0.8,0.666666666666667,0.666666666666667,0.0313636056157323,2.3019697277176
10000,"multinomial",4,"raw",3,4,0,0.2,0.428571428571429,1,0.063625717170364,2.36494571140106
10000,"multinomial",4,"cleaned",3,0,0,1,1,1,0.0501455643380976,2.9498544356619
10000,"multinomial",5,"raw",3,2,0,0.6,0.6,1,0.0177983270874202,2.58220167291258
10000,"multinomial",5,"cleaned",3,0,0,1,1,1,0.0169872837382928,2.98301271626171
10000,"multinomial",6,"raw",3,3,0,0.4,0.5,1,0.0143690820372744,2.48563091796273
10000,"multinomial",6,"cleaned",3,0,0,1,1,1,0.0100113167183597,2.98998868328164
10000,"multinomial",7,"raw",3,4,0,0.2,0.428571428571429,1,0.0347886263366512,2.39378280223478
10000,"multinomial",7,"cleaned",3,0,0,1,1,1,0.0271301778430074,2.97286982215699
10000,"multinomial",8,"raw",3,2,0,0.6,0.6,1,0.0119816747078993,2.5880183252921
10000,"multinomial",8,"cleaned",3,0,0,1,1,1,0.00679765434917181,2.99320234565083
10000,"multinomial",9,"raw",3,1,0,0.8,0.75,1,0.00658758263186235,2.74341241736814
10000,"multinomial",9,"cleaned",3,0,0,1,1,1,0.0064225369915459,2.99357746300845
10000,"multinomial",10,"raw",3,1,0,0.8,0.75,1,0.0205040351037079,2.72949596489629
10000,"multinomial",10,"cleaned",3,0,0,1,1,1,0.0199131058343941,2.98008689416561
10000,"multinomial",11,"raw",3,2,0,0.6,0.6,1,0.0129382189058676,2.58706178109413
10000,"multinomial",11,"cleaned",3,0,0,1,1,1,0.00806738059950718,2.99193261940049
10000,"multinomial",12,"raw",3,2,0,0.6,0.6,1,0.0185996892283854,2.58140031077161
10000,"multinomial",12,"cleaned",3,0,0,1,1,1,0.015859714968712,2.98414028503129
10000,"multinomial",13,"raw",3,2,0,0.6,0.6,1,0.0382958751501925,2.56170412484981
10000,"multinomial",13,"cleaned",3,1,0,0.8,0.75,1,0.0369340448467215,2.71306595515328
10000,"multinomial",14,"raw",3,2,0,0.6,0.6,1,0.0214459209926567,2.57855407900734
10000,"multinomial",14,"cleaned",3,0,0,1,1,1,0.0167691360776639,2.98323086392234
10000,"multinomial",15,"raw",3,2,0,0.6,0.6,1,0.0365172155957643,2.56348278440424
10000,"multinomial",15,"cleaned",3,1,0,0.8,0.75,1,0.0320869438263536,2.71791305617365
10000,"multinomial",16,"raw",3,2,0,0.6,0.6,1,0.0387131574952006,2.5612868425048
10000,"multinomial",16,"cleaned",3,1,0,0.8,0.75,1,0.0325508791921554,2.71744912080784
10000,"multinomial",17,"raw",3,4,0,0.2,0.428571428571429,1,0.0507083206906801,2.37786310788075
10000,"multinomial",17,"cleaned",3,0,0,1,1,1,0.0376838798282994,2.9623161201717
10000,"multinomial",18,"raw",3,4,0,0.2,0.428571428571429,1,0.0479644607335928,2.38060696783784
10000,"multinomial",18,"cleaned",3,0,0,1,1,1,0.0388116482538534,2.96118835174615
10000,"multinomial",19,"raw",3,2,0,0.6,0.6,1,0.0452873983871716,2.55471260161283
10000,"multinomial",19,"cleaned",3,0,0,1,1,1,0.0426152597137514,2.95738474028625
10000,"multinomial",20,"raw",3,1,0,0.8,0.75,1,0.0097992015321256,2.74020079846787
10000,"multinomial",20,"cleaned",3,0,0,1,1,1,0.00395395663957069,2.99604604336043
10000,"multinomial",21,"raw",3,3,0,0.4,0.5,1,0.0418085882336728,2.45819141176633
10000,"multinomial",21,"cleaned",3,1,0,0.8,0.75,1,0.0397034921884051,2.7102965078116
10000,"multinomial",22,"raw",3,1,0,0.8,0.75,1,0.019031042236689,2.73096895776331
10000,"multinomial",22,"cleaned",3,0,0,1,1,1,0.0171994276276516,2.98280057237235
10000,"multinomial",23,"raw",3,5,0,0,0.375,1,0.0396834436577273,2.33531655634227
10000,"multinomial",23,"cleaned",3,0,0,1,1,1,0.02678248771149,2.97321751228851
10000,"multinomial",24,"raw",3,3,0,0.4,0.5,1,0.0121350893440583,2.48786491065594
10000,"multinomial",24,"cleaned",3,0,0,1,1,1,0.0101827042022082,2.98981729579779
10000,"multinomial",25,"raw",3,1,0,0.8,0.75,1,0.00758644576077876,2.74241355423922
10000,"multinomial",25,"cleaned",3,0,0,1,1,1,0.00721310979539948,2.9927868902046
10000,"multinomial",26,"raw",3,1,0,0.8,0.75,1,0.0118758184368746,2.73812418156313
10000,"multinomial",26,"cleaned",3,0,0,1,1,1,0.0111366253407292,2.98886337465927
10000,"multinomial",27,"raw",3,5,0,0,0.375,1,0.0411610464235532,2.33383895357645
10000,"multinomial",27,"cleaned",3,0,0,1,1,1,0.029179468191617,2.97082053180838
10000,"multinomial",28,"raw",3,1,0,0.8,0.75,1,0.0789663424035433,2.67103365759646
10000,"multinomial",28,"cleaned",3,1,0,0.8,0.75,1,0.0789663424035433,2.67103365759646
10000,"multinomial",29,"raw",3,3,0,0.4,0.5,1,0.0447911570263168,2.45520884297368
10000,"multinomial",29,"cleaned",3,0,0,1,1,1,0.0316946058433157,2.96830539415668
10000,"multinomial",30,"raw",3,2,0,0.6,0.6,1,0.024140201333227,2.57585979866677
10000,"multinomial",30,"cleaned",3,0,0,1,1,1,0.0231381358041514,2.97686186419585
10000,"nb8",1,"raw",3,0,0,1,1,1,0.169992098491514,2.83000790150849
10000,"nb8",1,"cleaned",3,0,0,1,1,1,0.169992098491514,2.83000790150849
10000,"nb8",2,"raw",3,1,0,0.8,0.75,1,0.198633571241031,2.55136642875897
10000,"nb8",2,"cleaned",3,1,0,0.8,0.75,1,0.198633571241031,2.55136642875897
10000,"nb8",3,"raw",3,2,0,0.6,0.6,1,0.111475228056154,2.48852477194385
10000,"nb8",3,"cleaned",2,1,1,0.8,0.666666666666667,0.666666666666667,0.110178689945787,2.22315464338755
10000,"nb8",4,"raw",3,0,0,1,1,1,0.112516999763423,2.88748300023658
10000,"nb8",4,"cleaned",3,0,0,1,1,1,0.112516999763423,2.88748300023658
10000,"nb8",5,"raw",3,2,0,0.6,0.6,1,0.209803811279795,2.3901961887202
10000,"nb8",5,"cleaned",3,2,0,0.6,0.6,1,0.209803811279795,2.3901961887202
10000,"nb8",6,"raw",2,2,1,0.6,0.5,0.666666666666667,0.397060622267131,1.76960604439954
10000,"nb8",6,"cleaned",2,2,1,0.6,0.5,0.666666666666667,0.397060622267131,1.76960604439954
10000,"nb8",7,"raw",3,4,0,0.2,0.428571428571429,1,0.296665417558595,2.13190601101283
10000,"nb8",7,"cleaned",3,1,0,0.8,0.75,1,0.286623459093944,2.46337654090606
10000,"nb8",8,"raw",3,1,0,0.8,0.75,1,0.37290475637338,2.37709524362662
10000,"nb8",8,"cleaned",3,1,0,0.8,0.75,1,0.37290475637338,2.37709524362662
10000,"nb8",9,"raw",3,2,0,0.6,0.6,1,0.118172929309433,2.48182707069057
10000,"nb8",9,"cleaned",3,0,0,1,1,1,0.112943196796554,2.88705680320345
10000,"nb8",10,"raw",3,2,0,0.6,0.6,1,0.296708812302624,2.30329118769738
10000,"nb8",10,"cleaned",3,0,0,1,1,1,0.291168224498146,2.70883177550185
10000,"nb8",11,"raw",3,3,0,0.4,0.5,1,0.214068551060799,2.2859314489392
10000,"nb8",11,"cleaned",3,1,0,0.8,0.75,1,0.207257989881819,2.54274201011818
10000,"nb8",12,"raw",3,2,0,0.6,0.6,1,0.176314475513094,2.42368552448691
10000,"nb8",12,"cleaned",3,0,0,1,1,1,0.172836713714617,2.82716328628538
10000,"nb8",13,"raw",3,2,0,0.6,0.6,1,0.100009242793801,2.4999907572062
10000,"nb8",13,"cleaned",3,0,0,1,1,1,0.0927060335044949,2.9072939664955
10000,"nb8",14,"raw",3,1,0,0.8,0.75,1,0.100704259278238,2.64929574072176
10000,"nb8",14,"cleaned",3,0,0,1,1,1,0.0991148460275905,2.90088515397241
10000,"nb8",15,"raw",3,1,0,0.8,0.75,1,0.230453933153863,2.51954606684614
10000,"nb8",15,"cleaned",3,1,0,0.8,0.75,1,0.230453933153863,2.51954606684614
10000,"nb8",16,"raw",3,0,0,1,1,1,0.136106084740805,2.86389391525919
10000,"nb8",16,"cleaned",3,0,0,1,1,1,0.136106084740805,2.86389391525919
10000,"nb8",17,"raw",2,4,1,0.2,0.333333333333333,0.666666666666667,0.202478361113674,1.79752163888633
10000,"nb8",17,"cleaned",2,2,1,0.6,0.5,0.666666666666667,0.189758799381215,1.97690786728545
10000,"nb8",18,"raw",2,0,1,1,1,0.666666666666667,0.232372273788721,2.43429439287795
10000,"nb8",18,"cleaned",2,0,1,1,1,0.666666666666667,0.232372273788721,2.43429439287795
10000,"nb8",19,"raw",3,1,0,0.8,0.75,1,0.333021425578455,2.41697857442155
10000,"nb8",19,"cleaned",3,1,0,0.8,0.75,1,0.333021425578455,2.41697857442155
10000,"nb8",20,"raw",3,2,0,0.6,0.6,1,0.154932003608809,2.44506799639119
10000,"nb8",20,"cleaned",3,1,0,0.8,0.75,1,0.151553311884824,2.59844668811518
10000,"nb8",21,"raw",3,0,0,1,1,1,0.162042315223839,2.83795768477616
10000,"nb8",21,"cleaned",3,0,0,1,1,1,0.162042315223839,2.83795768477616
10000,"nb8",22,"raw",3,3,0,0.4,0.5,1,0.123472818242856,2.37652718175714
10000,"nb8",22,"cleaned",3,2,0,0.6,0.6,1,0.123339185731848,2.47666081426815
10000,"nb8",23,"raw",2,4,1,0.2,0.333333333333333,0.666666666666667,0.314568387604486,1.68543161239551
10000,"nb8",23,"cleaned",2,2,1,0.6,0.5,0.666666666666667,0.306454614592124,1.86021205207454
10000,"nb8",24,"raw",3,2,0,0.6,0.6,1,0.165380625822468,2.43461937417753
10000,"nb8",24,"cleaned",3,0,0,1,1,1,0.154472245607228,2.84552775439277
10000,"nb8",25,"raw",3,2,0,0.6,0.6,1,0.0870542061492923,2.51294579385071
10000,"nb8",25,"cleaned",3,1,0,0.8,0.75,1,0.0823524331762138,2.66764756682379
10000,"nb8",26,"raw",3,1,0,0.8,0.75,1,0.165682200684334,2.58431779931567
10000,"nb8",26,"cleaned",3,0,0,1,1,1,0.161327218312532,2.83867278168747
10000,"nb8",27,"raw",2,2,1,0.6,0.5,0.666666666666667,0.362078152867301,1.80458851379937
10000,"nb8",27,"cleaned",2,1,1,0.8,0.666666666666667,0.666666666666667,0.360966044137166,1.97236728919617
10000,"nb8",28,"raw",3,3,0,0.4,0.5,1,0.140751077758134,2.35924892224187
10000,"nb8",28,"cleaned",3,3,0,0.4,0.5,1,0.140751077758134,2.35924892224187
10000,"nb8",29,"raw",3,1,0,0.8,0.75,1,0.0197608713462953,2.7302391286537
10000,"nb8",29,"cleaned",3,0,0,1,1,1,0.0183181979240231,2.98168180207598
10000,"nb8",30,"raw",3,1,0,0.8,0.75,1,0.0308299935906749,2.71917000640933
10000,"nb8",30,"cleaned",3,0,0,1,1,1,0.0264066419650764,2.97359335803492
