estimand,tool,arm,n,signature,layer,truth_h,k,n_reps,coverage,cp_lo,cp_hi,filtered_rate,error_rate,p1_mechanism_i
absolute,sigfit,main,100,SBS1,easy,15.0000,5,5,1.0000,0.4782,1.0000,0.000,0.000,0
absolute,sigfit,main,100,SBS13,easy,15.0000,2,5,0.4000,0.0527,0.8534,0.000,0.000,0
absolute,sigfit,main,100,SBS2,easy,15.0000,3,5,0.6000,0.1466,0.9473,0.000,0.000,0
absolute,sigfit,main,100,SBS40,flat,25.0000,5,5,1.0000,0.4782,1.0000,0.000,0.000,1
absolute,sigfit,main,100,SBS5,flat,30.0000,5,5,1.0000,0.4782,1.0000,0.000,0.000,1
absolute,stl,main,100,SBS1,easy,15.0000,5,5,1.0000,0.4782,1.0000,0.000,0.000,0
absolute,stl,main,100,SBS13,easy,15.0000,2,5,0.4000,0.0527,0.8534,0.000,0.000,0
absolute,stl,main,100,SBS2,easy,15.0000,4,5,0.8000,0.2836,0.9949,0.000,0.000,0
absolute,stl,main,100,SBS40,flat,25.0000,5,5,1.0000,0.4782,1.0000,0.000,0.000,1
absolute,stl,main,100,SBS5,flat,30.0000,5,5,1.0000,0.4782,1.0000,0.000,0.000,1
absolute,sigfit,main,1000,SBS1,easy,150.0000,5,5,1.0000,0.4782,1.0000,0.000,0.000,0
absolute,sigfit,main,1000,SBS13,easy,150.0000,4,5,0.8000,0.2836,0.9949,0.000,0.000,0
absolute,sigfit,main,1000,SBS2,easy,150.0000,5,5,1.0000,0.4782,1.0000,0.000,0.000,0
absolute,sigfit,main,1000,SBS40,flat,250.0000,5,5,1.0000,0.4782,1.0000,0.000,0.000,1
absolute,sigfit,main,1000,SBS5,flat,300.0000,5,5,1.0000,0.4782,1.0000,0.000,0.000,1
absolute,stl,main,1000,SBS1,easy,150.0000,5,5,1.0000,0.4782,1.0000,0.000,0.000,0
absolute,stl,main,1000,SBS13,easy,150.0000,5,5,1.0000,0.4782,1.0000,0.000,0.000,0
absolute,stl,main,1000,SBS2,easy,150.0000,5,5,1.0000,0.4782,1.0000,0.000,0.000,0
absolute,stl,main,1000,SBS40,flat,250.0000,5,5,1.0000,0.4782,1.0000,0.000,0.000,1
absolute,stl,main,1000,SBS5,flat,300.0000,5,5,1.0000,0.4782,1.0000,0.000,0.000,1
absolute,sigfit,comp_clock_only,1000,SBS1,easy,300.0000,3,5,0.6000,0.1466,0.9473,0.000,0.000,0
absolute,sigfit,comp_clock_only,1000,SBS5,flat,700.0000,0,5,0.0000,0.0000,0.5218,0.000,0.000,1
absolute,stl,comp_clock_only,1000,SBS1,easy,300.0000,3,5,0.6000,0.1466,0.9473,0.000,0.000,0
absolute,stl,comp_clock_only,1000,SBS5,flat,700.0000,0,5,0.0000,0.0000,0.5218,0.000,0.000,1
absolute,sigfit,nb,1000,SBS1,easy,150.0000,1,5,0.2000,0.0051,0.7164,0.000,0.000,0
absolute,sigfit,nb,1000,SBS13,easy,150.0000,1,5,0.2000,0.0051,0.7164,0.000,0.000,0
absolute,sigfit,nb,1000,SBS2,easy,150.0000,3,5,0.6000,0.1466,0.9473,0.000,0.000,0
absolute,sigfit,nb,1000,SBS40,flat,250.0000,5,5,1.0000,0.4782,1.0000,0.000,0.000,1
absolute,sigfit,nb,1000,SBS5,flat,300.0000,5,5,1.0000,0.4782,1.0000,0.000,0.000,1
absolute,stl,nb,1000,SBS1,easy,150.0000,1,5,0.2000,0.0051,0.7164,0.000,0.000,0
absolute,stl,nb,1000,SBS13,easy,150.0000,2,5,0.4000,0.0527,0.8534,0.000,0.000,0
absolute,stl,nb,1000,SBS2,easy,150.0000,3,5,0.6000,0.1466,0.9473,0.000,0.000,0
absolute,stl,nb,1000,SBS40,flat,250.0000,5,5,1.0000,0.4782,1.0000,0.000,0.000,1
absolute,stl,nb,1000,SBS5,flat,300.0000,5,5,1.0000,0.4782,1.0000,0.000,0.000,1
