1.01615816823485440e-248,2.12852953290365611e-2,6.38467866698025185e-9
2.75080627065177781e-2,3.59311736394999931e-10,2.40933931067116965e-20
1.29505025109103323e-2,6.95475611492295392e-2,6.02841962373052917e-3
2.69810580898063486e-2,4.49792236321070860e0,3.92190245574452270e-2
1.36367064730907595e-1,2.79159294408080350e-1,4.69558259969876346e0
1.11870925093988595e-18,2.12853012311183115e-2,2.59712309420211842e-29
1.78799956260598932e-15,3.22248020602256685e-2,1.11917479097518053e-2
5.78658241814399878e-3,9.58914974892407489e-8,8.72591787570478339e-2
2.82373514998274511e-2,2.37698144037993269e-6,2.24127162458942486e-2
2.89870285069128698e-11,1.65127025638370281e-16,2.30257414655423362e-2
4.72441165779653310e-2,6.01385719880561092e-3,2.07164955030222268e-10
8.91182214096158504e-63,3.16234419554432590e-19,2.30257414898062257e-2
2.13133299819159783e0,5.88417169606760757e-2,4.04163928138111250e-2
1.66374513149328123e-14,9.40356641756088042e-146,2.30257414897922993e-2
8.56734847189977206e-16,3.22248037258951389e-2,1.11917461078859196e-2
2.51225195328862505e-1,2.62348092630274854e0,1.06241752348366705e-1
2.17523466538239891e-7,2.01002489919305033e-3,4.38769218202708713e-2
9.53341525782851362e-1,1.20788591981288129e0,1.54179392739475016e1
3.16421502541366966e-15,2.90881941282088107e-28,4.60514829796098007e-2
2.39129687842863543e-2,1.86643971089444194e-1,5.43871126573587521e-2
2.99894705448651794e-7,1.22973657536084510e-2,3.27483445845676707e-2
5.95994704247377660e-1,1.16148419736729513e0,7.01747205050870981e0
1.11060934989542628e-4,4.24846652793249360e-2,2.54473402928773575e-40
3.29664604340976372e-9,2.12852986802260988e-2,6.61489385928409951e-18
1.62363034701879308e-2,6.54814632295312449e-2,7.90551808093018726e-1
2.75080620440782478e-2,8.71896896795872369e-10,6.86671939512794970e-20
5.50056750316785456e-2,3.88428302171644452e-19,8.74831362758305104e-6
1.11337995229839781e-1,1.05522050399463874e0,1.60576329470707009e1
4.56107184945253369e-71,4.41169740811380466e-7,4.60510057366411291e-2
2.75080631690051564e-2,1.44637077737793289e-12,9.18503043994442715e-65
2.80304544250342615e-12,1.41386370106721098e-2,3.07567686910526633e-2
2.75080631645787145e-2,4.87147827712866406e-12,1.25029446050788857e-64
1.19212271917831835e-4,4.24780228260205547e-2,3.62477045426078406e-7
4.25759662083296597e-248,2.12852780220767479e-2,2.51067807561997946e-8
1.82027257767433705e-2,2.84856231244089257e-2,1.73874108587185754e-23
1.59223164430724788e-19,2.12853012311183150e-2,1.65368620760683310e-22
1.88531615748174240e-6,1.20821564809331962e-2,3.29798238409461722e-2
1.89055752800580535e-20,1.93545330441629065e-10,9.21029657498538962e-2
1.80328125211882490e-19,4.25705838652438787e-2,2.01176174561944345e-8
2.75080247597119208e-2,6.80108872045713029e-50,3.21522271986467080e-8
1.55931059030350976e-2,5.18523536468762702e-1,1.16798195874966232e-1
2.75080546806307051e-2,6.56961534670205000e-9,2.71451357222627303e-136
1.79536535659157833e-12,8.96062669011207883e-6,5.98659585421087548e-1
1.75312987937011493e-62,3.45642206341023260e-19,2.30257414898062292e-2
5.49959893788691534e-2,7.78639508166023756e-6,8.43266349311894649e-6
1.75886670498972495e-4,3.19126785350142050e-1,1.79949944951039882e-5
3.23318296572943920e-2,1.75527475397068040e-2,1.85225542715447866e-16
9.61668277804271313e-17,2.12853012311182421e-2,3.86394784178646719e-21
1.36115529947107156e-1,1.11674529350230508e-3,8.74962741257393706e-1
2.74956554483985968e-2,9.60089806572127219e-6,1.24344069883611149e-27
9.17285464726687594e-2,2.78509052764084242e0,3.87285510927009025e-1
1.32378405687915449e-20,2.12853012311183150e-2,1.66166969866052965e-22
5.50161263417450613e-2,2.84755061300317511e-15,2.65558406972145927e-20
6.27543662517356449e0,8.18157429765824062e0,1.27775533048488410e0
3.02733523489605435e-19,4.25705592274436967e-2,4.67699824789241500e-8
1.08812142732588754e-9,2.11154917403084604e-15,2.30257405789872673e-2
1.78837543899813184e-5,6.75198798786325686e-31,4.60365133067971374e-2
2.75080630474980777e-2,9.54666083743157588e-11,5.94709532759887151e-137
1.78503474794452827e-5,4.25567901476138072e-2,1.65209530128403691e-17
4.10828450275216007e-10,2.12853009132258006e-2,2.40330975117977693e-18
4.93228889452111504e-34,1.50195791273349345e-9,4.60514813548435903e-2
1.22229652266746103e-62,4.38725387392322136e-19,2.30257414898062292e-2
1.54074460468443634e-2,3.23671485537745246e-2,2.11666352615455244e-2
2.67353136956047592e-16,6.45791747405083799e-2,1.14346296527146965e-1
7.41068944895657972e-2,7.45575887437062348e-3,8.73958513604845777e-1
3.58408694142715056e0,1.77771481102570172e0,9.64627602409104390e-2
6.97801309015857488e-12,4.25706024568371574e-2,1.70364451870963933e-21
1.58614542320689930e-8,2.12852889577776067e-2,1.15416643131779287e-17
1.18891259271062616e-29,4.25706024614280060e-2,8.74743257175795171e-13
5.22765315457875380e-19,2.12853012311183115e-2,5.12401328539646515e-30
3.69426420494280712e-9,3.16026971194456399e-2,3.48904590498298264e-2
7.91195325445949181e-19,2.12853012311183115e-2,2.14236567134493974e-29
1.05921121004445991e-3,2.81106906403744757e-13,4.51648657226120798e-2
2.67003859945821369e-248,2.12852748446664478e-2,2.85439991106516498e-8
5.50161263417487389e-2,2.94891757341323172e-19,7.21222500258273904e-19
1.19113876274035742e-3,4.16489182558460180e-2,6.42706501475380661e-23
4.72439005665171857e-2,6.01402098563660805e-3,3.84124052361816048e-9
4.79767395574469385e-41,8.29532984081246622e-44,2.30257414898062257e-2
3.88632195147504050e-17,4.25706024622366022e-2,5.36503721441761831e-23
5.97824078104755132e-19,2.12853012311183115e-2,6.22771087784560591e-30
1.43985747078585180e0,4.30755005899115538e-5,1.50788701002834476e-2
3.14956704402439003e-2,6.13681520469175124e-1,5.48097089483379793e-4
1.59003819537180924e0,2.54220376031887053e-2,6.97739024672245647e-5
2.75080631701241814e-2,5.80482210654287657e-13,8.03808379890679362e-65
3.17394807662681744e-2,5.35731907249352001e-3,1.36884431135576145e-2
2.45057507815975954e-2,2.24879513666658648e-1,2.52233478712158288e0
1.59413847571611456e1,1.05569147484968207e-1,2.65336645327605147e-1
4.14778112222609352e-1,1.72250715166243609e1,1.53681379608573920e-1
1.15601591753428465e1,4.62131553845441731e-2,1.34162769180270168e-2
6.44278523239761294e-19,2.12853012311183115e-2,9.51512595968343441e-30
1.63128841513102488e-2,2.00212694181979844e-1,1.91128219757017837e-5
2.75080629591555256e-2,1.63824668131166562e-10,7.37059724595231233e-137
1.40569593191389978e-19,2.12853012311183115e-2,1.77225228023068570e-29
1.56311741144291964e-2,2.86184374976030553e-1,1.51939029785397173e0
1.69215348217636851e-25,1.00217570356970025e-23,4.60514829796124514e-2
1.42303954142219604e-2,7.91197438768257016e-2,4.06536891389343083e-2
