t,objective
0,5.06106566750000929e4
1,1.41115627708119355e4
2,1.28473619368802374e4
3,1.09456207825850179e4
4,8.90835986651979147e3
5,7.23069651230571799e3
6,6.04088238742229078e3
7,5.10385890859521805e3
8,3.91004824467917433e3
9,2.41886781011440416e3
10,1.17423755957866410e3
11,5.22681549419220687e2
12,2.61572120201706525e2
13,1.47730430737002877e2
14,9.69151574406888869e1
15,7.46474952600211452e1
16,6.46097462367206958e1
17,5.98280711420085467e1
18,5.72326612393386114e1
19,5.52153989404179697e1
20,5.27462538919881325e1
21,4.89629362245614885e1
22,4.34659575975240102e1
23,3.72952410243867831e1
24,3.22733055364768262e1
25,2.88145844826918633e1
26,2.64237343422365321e1
27,2.47413687132177031e1
28,2.35190154387704702e1
29,2.25686407584754107e1
30,2.17725715880357775e1
31,2.10634941170922154e1
32,2.04021465622629954e1
33,1.97643406810024516e1
34,1.91318279579100334e1
35,1.84815558885914264e1
36,1.77720042073981936e1
37,1.69313624447479540e1
38,1.58646722841977219e1
39,1.45128272786595680e1
40,1.29544998720838755e1
41,1.13974685612031319e1
42,1.00044462581237905e1
43,8.83698583601569432e0
44,7.92308138370485349e0
45,7.25463954428374524e0
46,6.78178450452067594e0
47,6.44582465743877187e0
48,6.20219529118856894e0
49,6.02194020800765717e0
50,5.88648054235008633e0
51,5.78340973646634104e0
52,5.70406892771105234e0
53,5.64217473849923312e0
54,5.59297170055368920e0
55,5.55264192136942114e0
56,5.51783120991795428e0
57,5.48520360814761521e0
58,5.45096517259532298e0
59,5.41034124653566195e0
60,5.35710388066579579e0
61,5.28351129071518422e0
62,5.18147725150849414e0
63,5.04607727118432603e0
64,4.88127713547576825e0
65,4.70364667363594524e0
66,4.53668036158537191e0
67,4.39600955727885978e0
68,4.27882859527111314e0
69,4.16579336620281637e0
70,4.02732286913736726e0
71,3.82675976808592821e0
72,3.52624029548036111e0
73,3.10879964015103250e0
74,2.61366415441199118e0
75,2.13358301665809513e0
76,1.74172714896451564e0
77,1.44317066290334717e0
78,1.20955425548045215e0
79,1.01805453288869474e0
80,8.57015509121650476e-1
81,7.20470076682741656e-1
82,6.04591693048241341e-1
83,5.06409747162706037e-1
84,4.23414546162327710e-1
85,3.53428525290456375e-1
86,2.94552467038069254e-1
87,2.45133204031016905e-1
88,2.03737732265589361e-1
89,1.69129634577473459e-1
90,1.40246925114930254e-1
91,1.16181296263481490e-1
92,9.61589126902233082e-2
93,7.95228665544299995e-2
94,6.57173398930951252e-2
95,5.42734578986165950e-2
96,4.47967693189385979e-2
97,3.69562573961431523e-2
98,3.04747642328456192e-2
99,2.51207007368767742e-2
100,2.07009109196643511e-2
101,1.70545614270582943e-2
102,1.40479330520738403e-2
103,1.15699992819726094e-2
104,9.52868670250497929e-3
105,7.84772241268328827e-3
106,6.46398403957982107e-3
107,5.32527800165502260e-3
108,4.38848109160988945e-3
109,3.61798917914953055e-3
110,2.98442462933698818e-3
111,2.46356104832535019e-3
112,2.03543011585302289e-3
113,1.68358061696826170e-3
114,1.39446445389752871e-3
115,1.15692839004264553e-3
116,9.61793711023707643e-4
117,8.01508868311293782e-4
118,6.69862653005306313e-4
119,5.61747497623044795e-4
120,4.72964261996666746e-4
121,4.00061315363769987e-4
122,3.40201952151522602e-4
123,2.91055194468387707e-4
124,2.50705894460769713e-4
125,2.17580747774972355e-4
126,1.90387416720186331e-4
127,1.68064462105987911e-4
128,1.49740163460036074e-4
129,1.34698669221847145e-4
130,1.22352166654224326e-4
131,1.12218011827508457e-4
132,1.03899936198446202e-4
133,9.70726050132028617e-5
134,9.14689317773609289e-5
135,8.68696583407532752e-5
136,8.30947971970502630e-5
137,7.99966019045666998e-5
138,7.74537966192964666e-5
139,7.53668333273588287e-5
140,7.36540035714480790e-5
141,7.22482415863312522e-5
142,7.10945016635274041e-5
143,7.01476038565407300e-5
144,6.93704668310902994e-5
145,6.87326557603125388e-5
146,6.82091929078768033e-5
147,6.77795765276142936e-5
148,6.74269818842637703e-5
149,6.71376004939064353e-5
150,6.69000984768880480e-5
151,6.67051748866123728e-5
152,6.65451956333822092e-5
153,6.64138960294324843e-5
154,6.63061343303406048e-5
155,6.62176906021522127e-5
156,6.61451012287546380e-5
157,6.60855242417164590e-5
158,6.60366266027681559e-5
159,6.59964942236086760e-5
160,6.59635552604821707e-5
161,6.59365203108837339e-5
162,6.59143312423914052e-5
163,6.58961190578878642e-5
164,6.58811710429266228e-5
165,6.58689019866556813e-5
166,6.58588323433594025e-5
167,6.58505669233373780e-5
168,6.58437826291172201e-5
169,6.58382140972316177e-5
170,6.58336437924719742e-5
171,6.58298923199435171e-5
172,6.58268134094489032e-5
173,6.58242856780635877e-5
174,6.58222111379232200e-5
175,6.58205082808595299e-5
176,6.58191105580192837e-5
177,6.58179631966432366e-5
178,6.58170212216035999e-5
179,6.58162488178445915e-5
180,6.58156138071928909e-5
181,6.58150929334286316e-5
182,6.58146654518403096e-5
183,6.58143141506369045e-5
184,6.58140263468179332e-5
185,6.58137895780570858e-5
186,6.58135954614523511e-5
187,6.58134365541622468e-5
188,6.58133056847358400e-5
189,6.58131980065083944e-5
190,6.58131097677067123e-5
191,6.58130372187711032e-5
192,6.58129781233030009e-5
193,6.58129292949415079e-5
194,6.58128896691562160e-5
195,6.58128566325306974e-5
196,6.58128291117741904e-5
197,6.58128071066854670e-5
198,6.58127890910201185e-5
199,6.58127744477578214e-5
200,6.58127616310101582e-5
