channel,SBS1,SBS2,SBS13,SBS5,SBS40,ABS1,ABS2,ABS3,ABS4,ABS5,SBS4,SBS7,SBS6,SBS15,SBS20,SBS21,SBS26,SBS44,SBS10a,SBS10b,SBS10c,SBS10d,SBS28
A[C>A]A,2.0532381e-08,0.017464666,0.090658457,0.014256007,0.014665196,0.014294831,0.0043731258,0.036321596,7.0708415e-06,0.00020985748,0.0032254145,0.0011419231,0.00059997483,0.00039989734,0.00083372019,0.0042782642,0.0030167588,0.00038865694,0.0019454665,0.0011742207,0.00013904963,8.420903e-05,7.9910667e-05
A[C>A]C,1.6289802e-10,5.2549905e-05,0.00085836018,0.0094979921,0.011445731,0.042755661,0.00011220922,0.0011723628,0.058002867,0.0003157813,0.053210253,0.0032717561,0.028719904,0.026716897,0.027205893,0.02778609,0.027075904,0.027321677,0.0026298549,0.0012528232,0.0061873397,0.0017586796,0.001112056
A[C>A]G,0.00039829901,0.005744778,0.0043708418,0.0010010068,0.001786763,0.011864445,0.012640861,0.0066041914,0.023636274,0.032112288,0.088135079,0.0015675469,0.00012563711,0.00045338206,2.0634906e-05,0.00068460269,0.00090455377,0.00010298497,0.0082832114,0.012702773,1.1055797e-05,8.2915114e-06,0.00075854667
A[C>A]T,6.9530285e-06,0.00033938828,0.0048402315,0.0009891789,0.0029125521,0.025054096,0.0016530976,0.0055493397,0.0044573792,0.025704951,0.0030353687,1.6252649e-11,0.00045209446,0.00076733129,0.0019377143,0.00040890806,0.0027668177,0.00024240508,0.00042080905,0.0022919438,0.00019455758,0.00021771182,0.00056084911
A[C>G]A,8.6089391e-07,2.6013141e-05,0.00090502411,0.0041091009,0.0042026402,0.0087840483,0.00062475914,3.2561557e-07,0.0022383806,0.0010832463,8.6124384e-06,5.4069276e-05,0.00083181315,0.00011103035,0.0075393129,0.0012795502,0.0048572148,0.00087502334,0.0043535737,0.00042950622,0.002585351,0.00058011938,6.3465123e-05
A[C>G]C,0.0034456657,0.026986615,5.3567449e-05,0.0039594553,0.0038858347,0.01651996,1.0997179e-05,0.00055123831,0.0038177053,0.00069099708,5.2759369e-05,0.0026749763,0.004833782,0.0048740066,0.0042866376,0.0046165651,0.0076902117,0.0064337793,0.0021501112,0.0012981509,0.0045179887,0.00072714735,0.0010822382
A[C>G]G,1.4280501e-06,0.03885147,0.00054262935,0.0077903594,0.0075608692,0.001602358,0.0069330424,0.0061971907,0.015862629,0.001286374,0.0075560474,0.0011200483,0.0058494439,0.0032286188,0.00044781153,0.00015370255,0.00012356323,0.00016111945,0.0019904108,0.00069600268,0.0031566551,0.003661106,0.00048964544
A[C>G]T,0.00043658258,0.00095972747,0.00010463159,0.0073090023,0.0073803819,0.012027841,0.0057958283,0.027603189,1.6437055e-05,0.0079228018,0.0017710746,0.011678736,0.0057623036,0.0071428587,0.013003522,0.013686877,0.0095206549,0.0045972392,0.020260927,0.023027442,0.020290839,0.0200709,0.020039041
A[C>T]A,0.13244972,6.2295789e-06,0.013821701,0.019860476,0.01984472,0.00051792694,0.015065333,0.0020648952,0.066413065,0.0052986366,0.002589356,0.0011806258,0.0030894984,0.0025655406,0.014560464,0.0008836516,0.00096358601,0.00088027363,0.00062777929,0.0012378864,0.00063341273,0.00063331058,0.0011097041
A[C>T]C,0.0039502517,0.017195043,0.0081891541,0.017668476,0.017244742,0.029482879,0.013742265,0.010755788,0.0047797147,3.0015953e-05,0.0068190693,0.00054811055,0.04581713,0.044557504,0.045020339,0.045303439,0.049459305,0.047235177,0.0011256077,0.00057360707,0.00028312902,7.0232436e-05,0.00012279744
A[C>T]G,5.3068715e-06,1.475578e-06,1.2635203e-12,0.01640007,0.016790745,0.024946956,0.021583874,0.0032073549,0.011394289,0.0093852446,0.0026730547,3.4674675e-07,0.0054511391,0.0019120241,0.0016945754,0.0052353158,0.0016949803,0.0090872696,0.00028794606,0.00013055549,0.0024229244,4.6783018e-08,9.1509301e-05
A[C>T]T,0.0072749683,3.3074019e-05,1.7390889e-05,0.027367467,0.026633765,0.002903077,0.0010133154,0.010543497,0.012107315,0.0003184799,0.00020561659,0.023679408,0.00076049028,0.00032080525,0.0042002103,0.001887237,0.0016454153,0.00074147356,0.0013409374,0.001206858,0.00291446,0.0014497029,0.0011671429
A[T>A]A,2.2803389e-05,0.0045763553,0.00034453971,0.02211685,0.02193251,0.017385278,0.021211726,0.00036425054,0.045802187,0.015764733,0.0033962584,0.011300311,0.0080627593,0.00070853267,0.00094550855,0.0011180726,0.00082514964,0.0028518351,0.0027042751,0.0022332629,0.0011603284,0.0012672301,0.0032575037
A[T>A]C,0.00054864005,0.0039505018,9.9034469e-05,0.0014686557,0.0016291032,0.0059537722,0.022015088,0.0091178916,5.7400268e-06,0.00019009928,1.6347678e-14,0.018042396,0.01271087,0.01287381,0.011628334,0.011866215,0.01184074,0.013087282,0.00077400441,0.0007701811,0.00023408753,0.0072295811,0.00024634081
A[T>A]G,8.4094808e-07,1.6023779e-05,2.7036941e-05,0.0031142432,0.0031880452,0.00077805739,0.0014330297,0.0029275211,0.0031058428,0.00011457216,0.00027015819,0.00039008077,0.024568984,0.028635232,0.024761845,0.024295217,0.025245075,0.025022461,0.0022338588,4.3397729e-05,0.00034684873,0.0013395039,0.00011140919
A[T>A]T,0.0075606083,0.0012680119,0.011756997,0.0036094094,0.0042474552,0.029779464,0.0032646757,0.0046095582,0.018598801,0.053464859,0.015204837,0.0022877161,0.0006354,0.0029976528,0.00020271115,0.0012438768,0.0011503056,0.00023017607,0.031010837,0.029793518,0.029794675,0.029895534,0.033914727
A[T>C]A,0.013233712,0.00017796494,0.013670359,0.0022871885,0.0022745256,0.036311755,0.0039718892,0.00017606567,0.00023357317,0.0090516246,0.0005720754,0.023972537,0.00043082938,0.0016470556,0.00025169952,0.00015576972,0.00045452713,0.00020852309,0.00060733418,0.0013637172,0.0037708982,0.004232892,0.003425284
A[T>C]C,8.6214306e-05,0.0030695029,0.0014327228,0.0002396997,0.00024382569,0.010875031,0.0005626075,2.5433227e-06,0.00092232446,0.057479651,6.5383267e-07,6.2211562e-05,0.0079855661,6.5354335e-05,0.012472466,7.1015143e-05,0.003403503,0.00086923614,0.0077482221,0.0087622182,0.0075663011,0.0093983692,0.0078934892
A[T>C]G,0.00025306334,0.059373651,0.012507551,0.0018056513,0.0020927683,0.0054666165,4.2536265e-05,0.0098902452,0.004938901,0.0049339973,6.9520542e-05,6.3171835e-05,0.0060020364,0.0046263159,0.0046933967,0.012132112,0.0048077312,0.011674465,0.040790426,0.038467908,0.04190619,0.039383315,0.039330533
A[T>C]T,2.3748881e-05,1.8136722e-05,0.005513515,0.02110223,0.020637803,0.00020176656,0.0016577385,0.00024871474,0.016449449,7.1862665e-05,2.0174659e-10,7.4823516e-06,0.0020346173,0.0010774864,0.0012329188,0.0010792287,0.0010727344,0.00097665789,9.2423811e-05,0.0011359287,0.0034962265,0.0034870427,1.8687896e-05
A[T>G]A,0.0012745187,0.0017152654,0.002095107,0.0015114562,0.0017535163,5.5924536e-05,0.0022240961,0.004026943,0.00047715087,0.0039117533,0.0014936952,0.0020599675,9.5884466e-05,0.0021908717,9.6159305e-06,0.0008965885,0.0009065716,1.9404202e-05,0.004972186,0.0023195427,0.0024566141,0.0073443189,0.0072402048
A[T>G]C,7.0857824e-05,0.016549494,1.0281287e-08,0.019944925,0.019611326,0.00036203653,0.023100469,0.015339413,0.0020002788,0.003223675,2.5257764e-05,1.0647823e-06,0.00095628251,0.0022368373,0.0039562936,0.0024636843,0.00088809801,0.0049220444,0.00098888525,0.0045503303,0.0015177749,0.0048453235,0.0051566952
A[T>G]G,2.1221734e-11,0.0038696644,0.0060718224,0.0035964147,0.0035401147,0.014546849,0.003271961,0.022769314,0.00025043025,0.066547485,0.00019382462,0.00012140089,0.0067061462,0.0062751418,0.0065628053,0.0062479726,0.0065583658,0.0068870975,0.0013814173,0.00079561499,0.0010447895,0.0063137289,0.00048718212
A[T>G]T,0.00043119816,8.0146418e-06,0.0013704301,0.0025407118,0.0025254384,0.005623476,0.0097365451,0.01147718,0.0021214779,0.0017070633,1.9170455e-05,5.3390222e-06,9.3530533e-05,0.0043874263,3.5803521e-05,6.588086e-05,0.00081893398,0.0050150195,0.00036404036,2.0778262e-06,0.00034342062,0.0025185946,0.00043707245
C[C>A]A,1.2286419e-05,5.6879491e-16,0.0033106715,0.007859027,0.0085820052,0.021363434,0.0011906427,0.010764386,0.0062925984,0.00098651607,1.2513728e-05,4.9419472e-09,0.0016017123,0.003871103,1.3600913e-05,2.9319754e-05,0.00027772252,0.0014335521,0.003442611,0.0049124815,0.0024621351,0.0039538764,0.0024335689
C[C>A]C,2.1700753e-06,0.024926655,8.9321386e-06,0.0061608468,0.0059835515,0.0053294682,0.0028892545,4.8216347e-06,0.018712853,0.0020600851,0.00057437204,0.0040891504,0.0004437763,0.00062783453,0.0046623484,0.0013702911,0.001868235,0.0028879375,0.0068565835,0.00024702671,0.00029183318,7.2589926e-05,0.0045467424
C[C>A]G,1.1359568e-05,1.4221935e-06,0.049260128,0.013413819,0.013482273,0.0073179205,0.013191116,0.00039854489,0.0023613282,0.031436587,0.33679535,0.00020189777,0.00094114734,0.00022518544,0.0029668343,0.0024912527,0.0036921516,0.00024017698,0.013393422,0.018255638,0.012308257,0.014894512,0.012001914
C[C>A]T,0.0001727379,0.00022731733,4.3699686e-05,0.0078258658,0.0078103015,0.01682287,0.012040967,0.0026479706,0.0012523072,0.031127363,3.1002747e-07,0.091299911,0.0084382076,0.0085668708,0.0097155533,0.013094763,0.0078473892,0.011038163,0.0013561661,0.0063998198,0.0016815124,0.0059146769,0.0012980664
C[C>G]A,0.0040185779,0.027664536,0.00055222795,0.014459762,0.014104029,0.010585265,0.00081786063,0.0075778891,1.5628978e-06,0.0070551614,1.6528375e-06,1.4964666e-06,0.0020084278,0.00053192314,0.0010979668,0.0011251563,0.0011313151,0.00014988722,0.00077477701,0.0062738699,0.0004233522,0.0003412249,8.2794089e-05
C[C>G]C,2.5787374e-05,5.9658694e-07,0.0039563107,0.0056357303,0.0059866386,0.0018970357,0.064271281,0.011339226,0.0086412166,0.011027799,0.0085193582,0.0010952247,0.0022732791,0.0043575033,0.0030740096,0.0025020801,0.0031017797,0.0035502478,0.0025655131,0.0032532125,0.0026232948,0.0035206787,0.0042386856
C[C>G]G,0.0015104072,0.0065777365,1.1961137e-05,0.022797457,0.022317392,0.011531063,0.045270233,0.015993652,0.0028779256,0.00079107265,0.0044595974,0.021273855,0.00017558312,0.0035235536,0.0042471285,9.4226386e-05,0.0018971204,0.0007622761,0.0014335458,0.00044708043,0.0015678593,0.0032852303,0.0018298648
C[C>G]T,1.9897904e-07,0.00013933603,0.027128474,0.0087897876,0.0086315065,0.00097245474,6.0314184e-05,0.001437622,0.0040756513,8.7180365e-05,0.0016887095,0.0043383012,0.0043714196,0.00012799937,0.0018248047,8.4034418e-05,0.0026920937,0.00076927979,0.00015419248,0.00021485172,0.0020075474,0.00033207946,0.000198415
C[C>T]A,0.55388205,0.0022065365,1.0032168e-05,0.0013375039,0.0013323202,0.021542493,0.020977248,0.0098340117,0.022335248,0.0076616889,0.0010873201,9.6745439e-05,0.071046794,0.074526636,0.071240293,0.072713415,0.071221974,0.079657399,0.0027382448,0.0022697718,0.0023005739,0.0030001974,0.0091310237
C[C>T]C,0.00038336276,0.00017411304,0.027646537,0.004610476,0.0045418912,0.0018460952,0.00089691156,0.021104787,0.0016084753,0.065797905,0.0053101135,0.014446705,0.015218195,0.015867155,0.020943598,0.015838323,0.016401669,0.016007056,0.00027583041,0.00035725951,0.00078060588,0.00070155407,0.00038325904
C[C>T]G,0.004438015,5.2431092e-05,6.8748127e-08,0.0053399425,0.0055265697,0.0077533383,0.0021683655,0.0019638828,0.0030471252,0.011301036,6.7781007e-10,0.00062711837,0.23975711,0.24478608,0.23873378,0.2394515,0.24064462,0.23861168,0.018426748,0.019104337,0.014734609,0.015045547,0.015356527
C[C>T]T,0.0022517906,0.00014914891,0.098739124,0.0070642429,0.007022819,0.0010953023,0.0011743037,4.0301653e-06,0.0073676927,0.031742117,0.00094752464,0.48843937,0.026522082,0.025219452,0.025665761,0.026761723,0.024797289,0.030048245,6.1868137e-05,0.0030545851,0.0021223101,5.337524e-05,4.3501316e-05
C[T>A]A,1.4190111e-07,9.1770537e-05,2.9394083e-09,0.0045165294,0.0045057441,0.0053947624,0.018019951,0.0031882321,0.002848361,0.00025151385,6.5099728e-06,0.003611658,4.4741839e-05,0.00049273373,0.0044666306,0.0035792928,0.006992138,7.4701756e-05,0.00075958208,0.0014420163,0.0014589878,0.00030234374,0.0083778833
C[T>A]C,1.2369622e-10,0.051905854,4.6956535e-05,0.0031623977,0.0034092696,0.0015761488,2.0846973e-06,0.0015908602,0.010008555,5.4302219e-06,0.0086238109,0.001584401,0.00011381428,0.0021961374,0.0025094926,6.402276e-05,0.0013970862,0.0058262263,0.0038198549,0.0013779969,0.0088585617,0.00077476199,0.0012532941
C[T>A]G,0.00032391532,0.00036294059,0.012797624,0.0063096796,0.0065802123,0.0028373544,0.0001282143,0.036814386,0.0036748805,0.023459122,3.5709495e-06,0.070254815,0.0016754675,0.0017997554,0.0024757051,0.0080729615,0.0012042665,0.0028325545,2.8900272e-05,0.00016917914,0.00051618844,2.7120956e-05,6.419947e-05
C[T>A]T,7.1407445e-08,3.7142364e-06,0.0028318962,0.0019256433,0.0020706939,0.016981281,0.0078026989,0.0035738761,0.007113283,0.0015312799,7.7450658e-05,0.0083170671,0.0011270339,0.00034547645,0.00028975,0.00069696213,0.00039884871,0.00081757968,0.0085213089,0.0086165156,0.008551245,0.015952926,0.012597312
C[T>C]A,0.012862709,0.00034760964,0.032965163,0.0083123434,0.0082810821,0.028692311,0.0050523575,0.0035100333,0.00077532899,0.0028500522,3.8843609e-11,1.0766509e-07,0.0066548982,0.0096340857,0.004104256,0.0041827479,0.0054482109,0.0066279178,0.022508886,0.013905673,0.014011784,0.019131116,0.014440883
C[T>C]C,2.0662014e-07,0.0033749428,0.00019292466,0.0094813112,0.009385189,0.013422135,0.018064166,0.00023248117,0.0013444736,2.0962083e-06,0.012129562,0.00092252421,0.00026462218,0.00036325075,0.00071434457,1.4670359e-05,0.0016551391,0.00010102197,0.0071680794,0.0056295759,0.012427228,0.0067054176,0.0057950507
C[T>C]G,9.6216332e-05,0.0015138097,0.0064806437,0.0066008249,0.006460098,0.0077542271,0.022259513,0.013263447,0.00011269746,0.0011716804,0.0010686689,0.013783354,0.0042344704,0.0010148381,0.001167024,0.0056819883,0.001141844,0.0010489876,0.0027990771,0.0024503189,0.0024833423,0.0040671433,0.0027738243
C[T>C]T,2.0564045e-06,0.011594403,0.00034594436,0.0088077631,0.0088338067,0.011555581,0.054657573,0.014225798,0.017127106,0.013623006,0.0087088732,3.0401107e-05,0.0024012774,0.0037778382,0.0031642875,0.0024014469,0.0032518207,0.0023656259,0.0020937569,0.019990705,0.0038417261,0.0020310935,0.0047290335
C[T>G]A,0.0001727822,5.6808676e-07,0.0031889047,0.00034964074,0.00050638084,0.004329579,0.020556064,0.0043020135,7.4860636e-05,0.04400122,0.016586146,0.00014026638,0.0021972113,0.00039294749,0.00029631016,0.0065357672,0.00029982702,0.0018948088,0.00013213837,0.002936241,0.0003022651,4.3720281e-05,0.0054325103
C[T>G]C,8.2781035e-16,1.2370643e-06,0.0048074125,0.0047979426,0.0046882964,2.5653354e-05,0.0042818918,0.027591592,0.019310449,0.00026041366,0.00055805369,0.024429102,0.00095143482,0.001004117,0.0024498646,0.0062911968,0.00082672525,0.0064537203,0.0046609161,5.6725227e-05,0.00077402149,0.0023807712,1.9604484e-05
C[T>G]G,0.00068325879,0.010614692,0.0037399746,0.05244017,0.051189896,0.031030835,0.0055785758,0.025604989,2.2507177e-05,0.0030995986,0.0014626513,0.0064459035,0.00067352326,0.0046199783,0.0050568011,0.00076467114,0.0037139794,0.00073165505,0.041900199,0.038282992,0.037234531,0.037292406,0.037137513
C[T>G]T,4.4144218e-10,2.9249211e-05,0.024127579,0.0053103671,0.0052458821,0.00051877645,0.005165648,0.00020554595,0.00010808187,0.00037024662,0.00060211716,5.3232363e-05,0.0014912882,0.00070425085,0.0006527248,0.0041625398,0.0015861124,0.0031458276,0.021059705,0.020516421,0.023109222,0.021005874,0.021034946
G[C>A]A,0.0056658625,0.0059589559,0.0054348327,0.03289962,0.032071761,0.001674757,0.0059715118,1.5181297e-05,0.018722782,0.0069680268,0.036741888,1.3959534e-08,0.0022192603,0.0035536691,0.004748692,0.003004988,0.0022828694,0.0024759777,0.0028317676,0.0034793346,0.0033954602,0.0027964176,0.003071781
G[C>A]C,0.014598389,7.6536624e-05,0.020816459,0.010226302,0.0099262028,6.8296977e-06,0.012743409,0.0032475389,0.0012514804,0.014376478,0.21747478,1.9039362e-05,0.0026684309,0.00067520395,0.0029271279,0.0014308494,0.0040164297,0.0012927695,4.3781184e-05,0.00036625501,0.00096878377,0.0021477188,0.0034263899
G[C>A]G,0.0010034176,6.5857962e-05,0.0011472759,0.001418876,0.0025903921,0.0002317181,0.0088297907,0.01983491,0.005635206,0.010915691,9.6498154e-09,0.0012670283,0.010947713,0.0055374041,0.004882129,0.0073865531,0.0044761053,0.0046955517,0.015641488,0.01577881,0.015665109,0.015664252,0.023670195
G[C>A]T,0.00075887821,0.00030907092,2.3028544e-09,0.0095639527,0.0093164395,0.0036741073,0.00057456014,0.0018809789,0.017492835,0.0031786637,0.083084546,2.6213498e-10,3.3254483e-05,0.00037910001,0.0016602774,0.0020980758,0.00011567734,0.00081181132,0.0011363874,7.4666111e-05,6.7368436e-05,0.0001383194,0.00087802438
G[C>G]A,5.0124002e-11,5.6278011e-07,1.2921217e-10,0.0069160466,0.0068152564,0.0040672026,0.026522148,0.0048043916,0.066283803,0.0050259308,0.0019293576,0.0053077339,0.00012974397,0.0076236758,0.0001261568,7.7491303e-07,0.00062853275,0.00029681247,0.015697999,0.015588162,0.015135159,0.023258099,0.018039454
G[C>G]C,5.7645129e-05,0.020911556,0.00011558748,0.00072710091,0.0014143243,0.0084263615,0.00056732973,0.00025828816,0.0083302247,0.00020162749,0.00036040844,1.6015759e-06,0.0019873816,0.0018399339,0.0050230628,0.0042915038,0.0020126004,0.0038116977,0.0012277259,0.00072449996,0.0012812868,0.00072689726,0.0052751262
G[C>G]G,7.3207071e-07,0.00041390794,0.020743075,0.014178793,0.013930556,0.0065966511,0.0014215966,0.0016050507,0.0018187873,0.0030275137,2.322417e-16,0.0040656988,0.00020684469,0.0011301581,0.0019497345,0.00022785558,0.0002706548,0.00053693483,0.0041983216,5.2930962e-05,0.0036107022,0.00020639651,9.6769466e-05
G[C>G]T,0.0007772887,6.6817417e-05,1.7584944e-07,0.0329728,0.032293613,0.032051308,0.012628379,0.0025945293,0.010218433,0.00033689697,8.8930017e-06,0.001447422,0.0051410672,0.0012591641,6.8602305e-05,0.00031195833,0.002444488,0.0019726648,0.0018664278,0.0022300698,0.002218043,0.0020925902,0.0029061079
G[C>T]A,0.017556912,1.3128953e-06,0.0078307473,0.034081522,0.033660754,0.0045095507,0.10351168,0.011418386,0.0095101592,0.0013374471,0.0028658621,5.8679455e-06,0.010521503,0.012802107,0.010276621,0.010219934,0.010200058,0.010782853,0.00030273825,0.0012465287,0.0028314523,0.008774932,0.0029651878
G[C>T]C,0.0049212389,2.5825863e-06,1.1012971e-09,0.044497362,0.043232613,0.00035969103,0.032814277,0.0068068845,0.0013963342,0.029780961,6.7326141e-05,0.00012827847,0.094760031,0.097068758,0.094617082,0.10650995,0.10117735,0.094413863,0.027001138,0.026421578,0.0263061,0.027754522,0.026175309
G[C>T]G,0.0077942349,2.4429138e-07,2.959596e-05,0.0016925592,0.0016920127,0.0001626982,0.0045025197,0.0043146764,0.016153437,0.00281664,0.003272956,0.0012571767,0.06221422,0.058329952,0.058755123,0.060642174,0.058519935,0.063405451,0.0017735978,0.0019722998,0.0063824262,0.0040634962,0.0029519621
G[C>T]T,1.4380028e-07,1.0040266e-08,0.074035556,0.01305752,0.012821067,0.0011521174,0.0018913054,0.006470714,0.017489835,8.173838e-08,0.0011809796,0.00021542391,0.02124316,0.022186984,0.022783026,0.021256176,0.022168347,0.025583366,0.00026653827,0.0020258476,0.005105278,0.00014449438,0.0017076533
G[T>A]A,1.9624772e-05,1.2947439e-05,0.010495544,0.02782281,0.027663938,0.015769564,0.0027869836,0.028681409,0.0066292579,0.0081869805,0.0022004521,1.2493684e-13,0.0013760735,4.6643868e-05,0.000527532,0.0012561833,0.00071418575,0.0028880962,0.031836782,0.031694865,0.034065205,0.032956051,0.031093189
G[T>A]C,0.014993648,0.00087977942,1.0613429e-09,0.013009888,0.012958354,0.0057221863,0.013026537,0.0029183038,0.0057706485,0.00014827971,9.0293876e-05,2.5005919e-09,0.011009873,0.0084076868,0.010436965,0.011565216,0.0075377499,0.0090537019,0.00015469878,0.0021213853,0.00024785851,0.0015076426,0.0068991843
G[T>A]G,4.050513e-07,0.0030074176,0.0060987573,0.0095464499,0.0092980039,0.027604233,0.047373021,0.0034809284,0.041240478,0.0074432866,0.00028893581,1.9570048e-05,0.0050398635,0.0060265635,0.0024466239,0.0028933889,0.0025202102,0.0063682457,0.0024902691,0.0024204801,0.0011629091,0.0019711853,0.0011927149
G[T>A]T,0.0010767685,0.007624576,6.0346991e-05,0.0040799859,0.0040940892,0.00024260573,0.0058482016,0.0043631782,0.00013998107,0.013229375,0.0034581605,0.0028629724,0.00045774986,0.00010228123,0.00079507088,9.4710008e-05,0.0026428574,0.00029216703,0.001543124,0.0021137455,0.00098853274,0.0019683334,7.4363805e-06
G[T>C]A,3.7398902e-05,0.0028781704,3.7903209e-08,0.0027013515,0.0027462103,0.0013627827,0.00047098094,5.684382e-05,0.00021226148,0.018486777,5.3753042e-07,4.7875903e-07,0.0015900987,0.00024571685,0.0002318595,0.0064923301,0.0024601111,0.00027931683,0.015402004,0.012304591,0.013636392,0.012533619,0.015169288
G[T>C]C,0.019673047,0.014403383,0.0020034022,0.0015750505,0.0015977756,0.0056360074,0.011673852,0.062447201,0.016642535,0.0074937067,0.0001506322,0.0034397162,9.2054567e-05,0.00025518535,0.00168241,0.00013131587,0.0017444462,2.6327592e-05,0.0028390032,0.0003251443,0.00018358755,0.0019103188,0.00012857003
G[T>C]G,0.021955683,0.0010499053,3.0743695e-07,0.0086863148,0.0088216126,0.037109414,0.0018307381,0.0013807504,0.0099779846,3.1785545e-05,5.8306598e-06,8.0907388e-05,0.0012125368,0.0014268541,0.00069695453,0.0048383671,0.013000465,0.00055324933,0.0028763157,0.0065132101,0.0015270057,0.010134355,0.006470989
G[T>C]T,7.9274778e-05,1.5595389e-06,0.086218379,0.0042230184,0.0044918532,0.00044811596,0.00012856174,0.047279318,0.011947078,0.0088728504,4.1106947e-07,9.6851336e-07,0.0018401262,0.0021567211,0.0015745023,0.0012582723,0.0024390898,0.0011619289,0.0021999693,0.0037214435,0.0029519826,0.0039833242,0.0030696295
G[T>G]A,0.0025546775,0.035404689,0.048053305,0.019856833,0.020006894,0.00097983803,0.032737459,0.0084916551,0.0031165998,0.0017858384,0.00023428887,0.00033635939,0.0019784816,0.0019075081,0.00028479137,0.0025635432,0.0052924906,0.0046526763,0.094734195,0.094195572,0.091610121,0.099412089,0.091444208
G[T>G]C,0.00073758149,0.011296314,2.08935e-05,0.010029476,0.0097333379,0.0024335723,0.0047964848,0.0090750525,3.9189058e-05,0.023663852,0.00013784615,4.8704154e-06,0.0050602488,0.0050669072,0.0048142116,0.0047271616,0.0075410356,0.0099608656,0.00064268116,0.00095798415,0.00044028387,0.0027451836,3.5262306e-07
G[T>G]G,0.0019135483,0.00023933925,0.056643585,0.014955241,0.014646919,0.00054757547,0.0027444137,0.0099546852,4.2070922e-05,0.0044966471,0.0011310381,5.6916263e-08,0.00044140768,8.9960425e-06,7.2597057e-05,0.0007410942,2.2048012e-05,0.00050918593,0.002175938,0.0002324343,0.00022101047,0.0010208373,0.00050780453
G[T>G]T,1.6653046e-05,2.0558847e-05,0.0017150572,0.0079778803,0.0077536161,0.0081064064,0.033613556,0.012523112,0.028014538,0.079027036,9.2091689e-06,2.3512332e-08,0.0027159741,0.002624239,0.0029343931,0.0029181537,0.0080195196,0.0072787078,0.0020514784,0.00026112405,0.0011503742,0.0016299928,0.0021995003
T[C>A]A,1.5496694e-13,0.01471608,6.2737996e-08,0.0079368886,0.0077497777,0.015115195,0.0022279532,0.013086064,0.00031963472,0.0077251993,0.0066966517,0.0041331878,0.021018642,0.023797773,0.022064731,0.021335659,0.022449376,0.021023236,0.023715966,0.022465527,0.02244947,0.023582944,0.023576803
T[C>A]C,4.4188961e-08,0.00019863939,0.039735083,0.0086732821,0.0084160157,0.0024467933,0.00039965763,2.815209e-06,8.9104086e-07,0.0046108321,0.0075415879,8.7066354e-05,0.011301846,0.007251817,0.017494025,0.0071817629,0.0073825942,0.0088900858,0.28453625,0.28470476,0.29680534,0.28459317,0.28498653
T[C>A]G,2.272301e-07,5.7093002e-09,5.4596217e-07,0.016486897,0.016199693,0.0077079544,0.0024048856,0.010920219,0.036650228,0.00049899326,0.0021283522,1.6792925e-06,0.0023108694,0.0043959671,0.0088145349,0.0026434949,0.0025265904,0.0037201216,0.0058031794,0.0035722213,0.0033979876,0.0033097708,0.0033479013
T[C>A]T,2.4306253e-05,0.00021345314,0.0015259692,0.0029468345,0.0029189583,0.017651547,0.011457768,0.063766692,0.00037266797,0.026399931,0.0049804962,0.0055769304,0.0013975494,0.00099376308,0.00097106263,0.00066232003,2.3343819e-05,0.0016633311,0.0021966589,0.0023104941,0.0007924493,0.00056014081,0.00035214752
T[C>G]A,2.3382475e-05,1.6994991e-05,0.014021358,0.010675917,0.010497641,0.00010806976,7.6665975e-08,0.00012564379,0.0014482118,0.011416271,1.0627961e-07,0.001248375,0.007507078,0.00096930589,0.001197798,0.00075626138,0.0010292562,0.00073263259,0.00016147685,0.0025999658,0.0028441234,0.0002365087,0.00023027972
T[C>G]C,0.00050495268,0.0029866815,0.0026276824,0.0045848409,0.0048361804,0.0031754224,0.0039604732,0.0025881168,0.0050592759,0.0012374145,0.0011833781,3.1690353e-10,0.0017678247,0.0001246228,0.0036412532,0.00050435123,7.2008997e-06,0.0038578958,0.01558477,0.017038679,0.015746572,0.015502416,0.015272666
T[C>G]G,0.005172052,0.028591641,1.8850473e-05,0.012324267,0.012166633,0.0133486,0.0016531574,0.0062231444,0.010610771,0.0054994229,9.1735804e-07,0.0073152336,0.0077395106,0.00033058202,6.8528409e-05,0.0040757861,7.2128265e-06,9.8101266e-05,0.0026454663,4.3965707e-05,0.0027061552,0.00058080679,0.00043127245
T[C>G]T,7.5438896e-05,0.010948822,0.011915192,0.0079855395,0.0084623746,0.010274129,3.2108416e-07,0.0093168877,0.0019259863,0.0010934123,7.3448805e-09,9.8982775e-05,0.0030218773,0.0014581235,0.00026145329,0.00020451303,0.00080154821,9.72188e-06,0.00033197061,0.0012308248,0.0019125692,0.000406898,0.002641045
T[C>T]A,0.055022752,0.29013416,9.0392742e-05,0.012047038,0.011887482,0.0036073724,0.0049355121,0.0018529269,4.7973494e-05,0.0020341464,0.00010574099,0.0077401145,0.096058957,0.093481577,0.086831673,0.08670341,0.089942456,0.086736363,0.015714886,0.013152702,0.013779965,0.013201862,0.02260062
T[C>T]C,0.0079405239,0.079433125,0.00023474964,0.011308379,0.011618037,0.0010202468,0.0013852432,0.0097691085,0.010613738,0.0016210537,0.00011474125,0.02532746,0.00049164414,0.0073152291,0.00044236291,0.00048387964,0.0033635742,0.0016900885,0.00019634186,0.0036983066,0.00072667143,0.00054427827,0.0027793792
T[C>T]G,0.013547706,0.002393034,0.013687601,0.00051884646,0.0005474152,0.0016820506,0.032213946,4.7677161e-06,0.00079099319,1.7884472e-05,9.3636424e-05,0.00074725128,0.0050877338,0.0063691453,0.0051500766,0.0085336333,0.0056041722,0.0052156886,0.01615034,0.011077925,0.010771337,0.0095198844,0.0086910872
T[C>T]T,0.019278023,0.030960903,0.01342425,0.011996434,0.011905839,0.010163367,0.036609166,0.013681219,0.04852889,1.3524707e-05,0.00098387505,0.010918284,8.6498178e-07,5.8484917e-05,8.5904292e-05,0.00090608232,0.00053160844,0.00016606441,0.02492023,0.020047218,0.019141455,0.019283688,0.019436419
T[T>A]A,0.002413743,8.3559619e-05,0.0019657893,0.0077770435,0.0086715905,0.063734908,0.011988846,0.00055703017,0.014858815,0.00016252272,0.0072973797,0.00018065685,0.0040924797,2.3563574e-06,0.00017258898,0.00077784716,0.0015621052,0.00012236326,0.0023479745,0.00053160683,0.0005469826,0.00164461,0.00077136212
T[T>A]C,0.0090448637,0.0010862331,0.001541082,0.018858048,0.018363414,0.011183476,0.0061636221,0.0002489456,0.034252521,0.019041988,0.00037000021,0.00058813756,0.00012102214,5.0327099e-05,0.00042973372,0.0010936706,0.00059490069,0.0016284755,0.0018896281,0.004097154,0.00095239378,0.0010766488,0.0043705384
T[T>A]G,0.00076439441,0.02663807,1.8231223e-08,0.0046940925,0.0048773023,0.00013841597,0.003109471,0.035242933,0.0019619077,0.0045603591,0.00058262053,0.0010588678,0.0041520399,0.00065457014,0.00044727246,0.0010033696,0.001055047,0.0048483246,0.0033006511,0.0028660004,0.0052949609,0.0066100275,0.0054495207
T[T>A]T,0.00093676382,0.00029474308,9.9557461e-06,0.0077091399,0.0081843671,0.044620644,3.1448206e-05,0.11280143,0.0012500536,0.002031557,1.1313261e-07,0.0034805775,0.0013995462,0.0027078389,0.0036456225,0.0012060349,0.00031673206,3.7357274e-06,0.0068374033,0.0069510829,0.0079237882,0.0077157263,0.0092927483
T[T>C]A,3.119323e-07,4.1980059e-10,0.015917072,0.0035186776,0.0039668099,0.007442563,0.00097102842,0.0061220934,0.0083369734,0.037384717,0.0034011045,0.0090224866,0.0039202498,0.0046854141,0.0035865432,0.0062012598,0.0039702438,0.0036502895,0.019149103,0.0192122,0.019975461,0.019401322,0.021263295
T[T>C]C,0.00097300599,0.0012173513,0.0075137015,0.044996434,0.043665974,0.0057598209,6.039729e-05,0.00033816861,0.043910304,0.0021044432,2.2511954e-06,1.1474629e-05,0.00013372839,0.0040364644,0.00028212826,0.00016338808,0.0017822526,0.00032375269,0.0068788786,0.014385811,0.0060763279,0.0050462694,0.0058945232
T[T>C]G,1.3978095e-07,9.0019728e-08,6.8746681e-06,0.00069476321,0.00096485316,0.015941719,0.0011071266,0.00017852669,0.013305506,0.00061080185,1.4070015e-05,0.0082557086,0.003707733,0.0076555651,0.00018972263,0.00036259832,0.0029540195,7.6572486e-06,0.01619915,0.021531324,0.016480282,0.016061459,0.016122362
T[T>C]T,6.646341e-07,0.021706333,1.1067274e-06,0.0073638743,0.0072715505,0.029088301,8.6608525e-05,0.0043772433,0.00013529345,0.0024256157,2.8825348e-10,3.2732593e-07,0.0072029798,0.0061485711,0.0053879185,0.0053505418,0.0079869571,0.0085892828,0.0054872854,0.00056955959,0.0010683183,0.00085885096,0.0011400428
T[T>G]A,0.0033429537,2.2122741e-05,0.036291712,0.0095770421,0.0093638944,0.010502106,2.2973565e-06,0.014940353,0.003159977,0.00034955329,0.0053062977,0.0063330968,0.0026261902,0.0022459892,0.0031115436,0.0049413954,0.0035189786,0.0021381893,0.00077657246,0.0011062568,0.0017073949,0.0010221336,0.00092998402
T[T>G]C,0.0060617574,0.0037796718,3.2958997e-09,0.0037372375,0.0037565623,1.0293247e-06,0.0055707218,0.0071801184,0.0047452517,0.0010436339,4.6020515e-05,0.00013564405,0.00071159578,8.8620087e-06,7.7470678e-05,1.8932684e-07,0.0024494148,0.0003314333,0.0010972169,0.0001933141,0.0097671408,0.0010136741,0.0012617432
T[T>G]G,0.0063285425,0.03496336,0.016411846,0.021663431,0.021374964,0.0035121696,0.0007568326,0.01721753,0.0049198356,0.023657543,0.00021717031,0.026562267,0.00062033355,0.0088735815,0.00079203897,0.00072596247,0.0022853832,0.0006480217,0.0069795215,0.000683046,0.0050363905,0.0011157521,0.0046160405
T[T>G]T,2.4032998e-05,0.00077463535,0.00015186672,0.0043731975,0.0042468556,0.0026293146,0.0013358341,0.0068593721,0.01598451,0.001106586,0.0044874448,1.1369474e-06,0.0015169707,0.0063743363,0.0015013653,0.0014778697,0.0044277178,0.003893108,0.00014825722,0.0026833259,0.0090961188,0.00022296513,0.0017984058
