cell,tool,arm,n,seconds,status,cpu_seconds
sigminer__comp_mmr__N100,sigminer,comp_mmr,100,2326.1,"fail: ──────────────────────── 100%
 Progress: ──────────────────────────────────────────────────────────────── 100%Error: Future (<unnamed-1>) of class MultisessionFuture interrupted (pid 1025) [future <unnamed-1> (99078524c43cc73f57ba4121902bfe85-1); on 99078524c43cc73f57ba4121902bfe85@a019f2ee4cc6<7> at 2026-10-09 01:05:25.144027]
ℹ [2026-10-09 01:07:00.530407]: 38.686 mins elapsed.
Execution halted
",0.0
sigminer__comp_mmr__N1000,sigminer,comp_mmr,1000,3993.84,"fail: ──────────────────────── 100%
 Progress: ──────────────────────────────────────────────────────────────── 100%Error: Future (<unnamed-1>) of class MultisessionFuture interrupted (pid 1022) [future <unnamed-1> (0ed4e3e1ad39438ea9dd046100643047-1); on 0ed4e3e1ad39438ea9dd046100643047@889c25953d5c<7> at 2026-10-09 02:12:42.260272]
ℹ [2026-10-09 02:13:34.173464]: 1.107 hours elapsed.
Execution halted
",0.0
sigminer__comp_mmr__N10000,sigminer,comp_mmr,10000,2870.71,"fail: ──────────────────────── 100%
 Progress: ──────────────────────────────────────────────────────────────── 100%Error: Future (<unnamed-1>) of class MultisessionFuture interrupted (pid 1023) [future <unnamed-1> (1299b05ea321fa640dbdacc8d17a3e39-1); on 1299b05ea321fa640dbdacc8d17a3e39@b747c4599d57<7> at 2026-10-09 02:55:40.432648]
ℹ [2026-10-09 03:01:27.336733]: 47.695 mins elapsed.
Execution halted
",0.0
sigprofiler__comp_mmr__N100,sigprofiler,comp_mmr,100,39.55,ok,68.635
sigprofiler__comp_mmr__N1000,sigprofiler,comp_mmr,1000,23.16,ok,50.191
sigprofiler__comp_mmr__N10000,sigprofiler,comp_mmr,10000,21.28,ok,45.865
