24.0009765625,13.8359375000,26.4804687500,23.8212890625,18.4199218750,0.0996093750,0.3837890625,0.8750000000,0.5947265625,0.9697265625,0.9199218750,0.2099609375,0.8466796875,1.0156250000,0.4833984375,26.5185546875,31.8212890625,21.9736328125,12.1386718750,28.2753906250
37.3935546875,21.5566406250,41.2558593750,37.1132812500,28.6992187500,0.1542968750,0.5976562500,1.3632812500,0.9267578125,1.5107421875,1.4335937500,0.3281250000,1.3193359375,1.5830078125,0.7529296875,41.3164062500,49.5771484375,34.2353515625,18.9121093750,44.0537109375
18.2705078125,10.5322265625,20.1572265625,18.1337890625,14.0224609375,0.0751953125,0.2919921875,0.6660156250,0.4531250000,0.7382812500,0.7001953125,0.1601562500,0.6445312500,0.7734375000,0.3681640625,20.1865234375,24.2236328125,16.7275390625,9.2402343750,21.5244140625
19.9130859375,11.4794921875,21.9697265625,19.7636718750,15.2832031250,0.0820312500,0.3183593750,0.7255859375,0.4931640625,0.8046875000,0.7636718750,0.1748046875,0.7021484375,0.8427734375,0.4013671875,22.0019531250,26.4013671875,18.2314453125,10.0712890625,23.4599609375
31.9052734375,18.3925781250,35.2011718750,31.6669921875,24.4863281250,0.1318359375,0.5097656250,1.1630859375,0.7910156250,1.2890625000,1.2236328125,0.2792968750,1.1259765625,1.3505859375,0.6425781250,35.2519531250,42.3007812500,29.2099609375,16.1367187500,37.5878906250
24.7568359375,14.2714843750,27.3134765625,24.5712890625,19.0000000000,0.1025390625,0.3955078125,0.9023437500,0.6132812500,1.0000000000,0.9492187500,0.2167968750,0.8730468750,1.0478515625,0.4990234375,27.3535156250,32.8232421875,22.6650390625,12.5214843750,29.1660156250
36.6015625000,21.0996093750,40.3818359375,36.3271484375,28.0908203125,0.1513671875,0.5849609375,1.3339843750,0.9072265625,1.4785156250,1.4033203125,0.3203125000,1.2910156250,1.5498046875,0.7373046875,40.4404296875,48.5263671875,33.5087890625,18.5117187500,43.1191406250
26.7001953125,15.3916015625,29.4580078125,26.5000000000,20.4912109375,0.1103515625,0.4267578125,0.9726562500,0.6621093750,1.0781250000,1.0234375000,0.2343750000,0.9414062500,1.1298828125,0.5380859375,29.5009765625,35.3994140625,24.4443359375,13.5039062500,31.4550781250
46.0771484375,26.5625000000,50.8359375000,45.7324218750,35.3632812500,0.1904296875,0.7363281250,1.6796875000,1.1416015625,1.8613281250,1.7666015625,0.4042968750,1.6250000000,1.9501953125,0.9277343750,50.9111328125,61.0898437500,42.1845703125,23.3046875000,54.2832031250
27.4218750000,15.8076171875,30.2539062500,27.2167968750,21.0458984375,0.1132812500,0.4384765625,0.9990234375,0.6796875000,1.1074218750,1.0517578125,0.2402343750,0.9677734375,1.1611328125,0.5527343750,30.2978515625,36.3564453125,25.1054687500,13.8691406250,32.3056640625
42.0029296875,24.2138671875,46.3408203125,41.6884765625,32.2363281250,0.1738281250,0.6718750000,1.5312500000,1.0410156250,1.6962890625,1.6103515625,0.3681640625,1.4814453125,1.7783203125,0.8457031250,46.4091796875,55.6875000000,38.4550781250,21.2431640625,49.4833984375
27.6796875000,15.9570312500,30.5390625000,27.4726562500,21.2441406250,0.1142578125,0.4423828125,1.0087890625,0.6865234375,1.1181640625,1.0615234375,0.2421875000,0.9765625000,1.1718750000,0.5576171875,30.5839843750,36.6982421875,25.3417968750,14.0000000000,32.6093750000
44.8193359375,25.8369140625,49.4482421875,44.4833984375,34.3974609375,0.1855468750,0.7167968750,1.6337890625,1.1113281250,1.8105468750,1.7187500000,0.3925781250,1.5810546875,1.8974609375,0.9023437500,49.5205078125,59.4218750000,41.0332031250,22.6679687500,52.8007812500
21.3779296875,12.3242187500,23.5859375000,21.2177734375,16.4072265625,0.0888671875,0.3417968750,0.7792968750,0.5302734375,0.8632812500,0.8193359375,0.1875000000,0.7539062500,0.9052734375,0.4306640625,23.6210937500,28.3437500000,19.5722656250,10.8125000000,25.1855468750
45.3701171875,26.1542968750,50.0556640625,45.0302734375,34.8203125000,0.1875000000,0.7255859375,1.6533203125,1.1240234375,1.8330078125,1.7392578125,0.3974609375,1.6005859375,1.9208984375,0.9140625000,50.1289062500,60.1513671875,41.5371093750,22.9462890625,53.4501953125
17.4228515625,10.0439453125,19.2226562500,17.2929687500,13.3720703125,0.0722656250,0.2783203125,0.6347656250,0.4316406250,0.7041015625,0.6679687500,0.1523437500,0.6142578125,0.7373046875,0.3505859375,19.2509765625,23.0996093750,15.9511718750,8.8125000000,20.5263671875
39.7480468750,22.9140625000,43.8535156250,39.4501953125,30.5058593750,0.1640625000,0.6357421875,1.4482421875,0.9853515625,1.6054687500,1.5244140625,0.3486328125,1.4023437500,1.6826171875,0.8007812500,43.9179687500,52.6992187500,36.3906250000,20.1035156250,46.8271484375
27.9677734375,16.1230468750,30.8564453125,27.7578125000,21.4648437500,0.1162109375,0.4472656250,1.0195312500,0.6933593750,1.1298828125,1.0722656250,0.2451171875,0.9863281250,1.1835937500,0.5634765625,30.9013671875,37.0800781250,25.6054687500,14.1455078125,32.9482421875
19.6806640625,11.3457031250,21.7138671875,19.5341796875,15.1044921875,0.0810546875,0.3144531250,0.7177734375,0.4882812500,0.7949218750,0.7548828125,0.1728515625,0.6943359375,0.8330078125,0.3964843750,21.7460937500,26.0937500000,18.0185546875,9.9541015625,23.1865234375
42.9853515625,24.7802734375,47.4248046875,42.6630859375,32.9902343750,0.1777343750,0.6875000000,1.5664062500,1.0654296875,1.7363281250,1.6484375000,0.3769531250,1.5166015625,1.8193359375,0.8662109375,47.4941406250,56.9902343750,39.3535156250,21.7402343750,50.6406250000
38.4697265625,22.1767578125,42.4423828125,38.1816406250,29.5244140625,0.1591796875,0.6152343750,1.4023437500,0.9531250000,1.5537109375,1.4746093750,0.3369140625,1.3574218750,1.6289062500,0.7744140625,42.5048828125,51.0029296875,35.2197265625,19.4560546875,45.3203125000
45.7939453125,26.3994140625,50.5234375000,45.4501953125,35.1455078125,0.1894531250,0.7324218750,1.6689453125,1.1347656250,1.8496093750,1.7558593750,0.4013671875,1.6152343750,1.9384765625,0.9228515625,50.5976562500,60.7138671875,41.9248046875,23.1611328125,53.9492187500
39.6630859375,22.8652343750,43.7597656250,39.3662109375,30.4404296875,0.1640625000,0.6337890625,1.4453125000,0.9833984375,1.6025390625,1.5205078125,0.3476562500,1.3994140625,1.6787109375,0.7988281250,43.8242187500,52.5859375000,36.3125000000,20.0605468750,46.7275390625
36.9609375000,21.3076171875,40.7783203125,36.6845703125,28.3662109375,0.1533203125,0.5908203125,1.3466796875,0.9160156250,1.4931640625,1.4169921875,0.3242187500,1.3037109375,1.5644531250,0.7441406250,40.8378906250,49.0029296875,33.8388671875,18.6933593750,43.5429687500
40.0546875000,23.0908203125,44.1914062500,39.7548828125,30.7412109375,0.1660156250,0.6406250000,1.4599609375,0.9931640625,1.6181640625,1.5361328125,0.3505859375,1.4130859375,1.6953125000,0.8066406250,44.2568359375,53.1054687500,36.6708984375,20.2587890625,47.1884765625
25.7568359375,14.8486328125,28.4169921875,25.5634765625,19.7675781250,0.1064453125,0.4121093750,0.9384765625,0.6386718750,1.0400390625,0.9873046875,0.2255859375,0.9082031250,1.0908203125,0.5185546875,28.4580078125,34.1484375000,23.5810546875,13.0263671875,30.3437500000
29.1591796875,16.8095703125,32.1708984375,28.9404296875,22.3789062500,0.1210937500,0.4658203125,1.0625000000,0.7226562500,1.1777343750,1.1181640625,0.2558593750,1.0283203125,1.2343750000,0.5869140625,32.2177734375,38.6591796875,26.6953125000,14.7480468750,34.3515625000
42.5048828125,24.5029296875,46.8945312500,42.1865234375,32.6210937500,0.1757812500,0.6796875000,1.5488281250,1.0537109375,1.7167968750,1.6298828125,0.3720703125,1.4990234375,1.7998046875,0.8564453125,46.9638671875,56.3535156250,38.9140625000,21.4970703125,50.0742187500
43.2011718750,24.9042968750,47.6630859375,42.8779296875,33.1562500000,0.1787109375,0.6904296875,1.5742187500,1.0703125000,1.7451171875,1.6562500000,0.3789062500,1.5244140625,1.8291015625,0.8701171875,47.7333984375,57.2773437500,39.5517578125,21.8496093750,50.8955078125
24.3095703125,14.0136718750,26.8203125000,24.1279296875,18.6572265625,0.1005859375,0.3886718750,0.8857421875,0.6025390625,0.9814453125,0.9316406250,0.2128906250,0.8574218750,1.0292968750,0.4892578125,26.8603515625,32.2304687500,22.2558593750,12.2949218750,28.6396484375
27.8759765625,16.0703125000,30.7558593750,27.6669921875,21.3945312500,0.1152343750,0.4453125000,1.0156250000,0.6914062500,1.1259765625,1.0693359375,0.2441406250,0.9833984375,1.1796875000,0.5615234375,30.8007812500,36.9589843750,25.5214843750,14.0986328125,32.8408203125
24.5605468750,14.1582031250,27.0966796875,24.3759765625,18.8496093750,0.1015625000,0.3925781250,0.8955078125,0.6083984375,0.9921875000,0.9414062500,0.2148437500,0.8662109375,1.0400390625,0.4951171875,27.1367187500,32.5625000000,22.4853515625,12.4218750000,28.9345703125
0.4316406250,0.1767578125,0.0410156250,1.0058593750,0.2158203125,29.3476562500,33.6113281250,13.8037109375,15.2050781250,20.2167968750,0.7919921875,0.6855468750,0.9609375000,0.6953125000,1.1162109375,17.2587890625,31.0039062500,24.9287109375,14.1601562500,22.7031250000
0.3154296875,0.1289062500,0.0302734375,0.7353515625,0.1572265625,21.4648437500,24.5830078125,10.0957031250,11.1210937500,14.7871093750,0.5791015625,0.5009765625,0.7031250000,0.5087890625,0.8164062500,12.6230468750,22.6767578125,18.2324218750,10.3574218750,16.6054687500
0.5263671875,0.2158203125,0.0498046875,1.2285156250,0.2636718750,35.8378906250,41.0439453125,16.8564453125,18.5673828125,24.6875000000,0.9667968750,0.8369140625,1.1738281250,0.8486328125,1.3623046875,21.0751953125,37.8603515625,30.4414062500,17.2919921875,27.7236328125
0.3652343750,0.1494140625,0.0351562500,0.8525390625,0.1826171875,24.8759765625,28.4902343750,11.7001953125,12.8886718750,17.1367187500,0.6708984375,0.5810546875,0.8144531250,0.5898437500,0.9453125000,14.6289062500,26.2802734375,21.1298828125,12.0029296875,19.2441406250
0.4873046875,0.1992187500,0.0468750000,1.1376953125,0.2441406250,33.1845703125,38.0058593750,15.6083984375,17.1933593750,22.8603515625,0.8955078125,0.7753906250,1.0869140625,0.7861328125,1.2617187500,19.5146484375,35.0576171875,28.1875000000,16.0117187500,25.6718750000
0.5488281250,0.2246093750,0.0517578125,1.2802734375,0.2744140625,37.3369140625,42.7617187500,17.5615234375,19.3447265625,25.7207031250,1.0068359375,0.8720703125,1.2226562500,0.8847656250,1.4199218750,21.9570312500,39.4453125000,31.7148437500,18.0156250000,28.8837890625
0.5908203125,0.2412109375,0.0566406250,1.3769531250,0.2949218750,40.1679687500,46.0029296875,18.8935546875,20.8115234375,27.6708984375,1.0839843750,0.9384765625,1.3154296875,0.9521484375,1.5273437500,23.6220703125,42.4355468750,34.1191406250,19.3818359375,31.0742187500
0.8105468750,0.3320312500,0.0771484375,1.8906250000,0.4052734375,55.1630859375,63.1757812500,25.9462890625,28.5800781250,38.0009765625,1.4882812500,1.2880859375,1.8066406250,1.3066406250,2.0966796875,32.4394531250,58.2763671875,46.8564453125,26.6162109375,42.6738281250
0.4746093750,0.1943359375,0.0449218750,1.1064453125,0.2373046875,32.2763671875,36.9648437500,15.1806640625,16.7226562500,22.2343750000,0.8710937500,0.7539062500,1.0566406250,0.7646484375,1.2275390625,18.9804687500,34.0976562500,27.4160156250,15.5732421875,24.9687500000
0.8828125000,0.3613281250,0.0839843750,2.0585937500,0.4414062500,60.0703125000,68.7968750000,28.2539062500,31.1230468750,41.3818359375,1.6201171875,1.4033203125,1.9667968750,1.4228515625,2.2841796875,35.3251953125,63.4609375000,51.0244140625,28.9843750000,46.4697265625
0.8994140625,0.3681640625,0.0859375000,2.0976562500,0.4492187500,61.2001953125,70.0908203125,28.7861328125,31.7080078125,42.1591796875,1.6513671875,1.4296875000,2.0039062500,1.4501953125,2.3271484375,35.9902343750,64.6542968750,51.9843750000,29.5292968750,47.3437500000
0.5771484375,0.2363281250,0.0546875000,1.3457031250,0.2880859375,39.2675781250,44.9726562500,18.4697265625,20.3447265625,27.0507812500,1.0595703125,0.9169921875,1.2861328125,0.9306640625,1.4931640625,23.0917968750,41.4843750000,33.3544921875,18.9472656250,30.3769531250
0.6806640625,0.2783203125,0.0644531250,1.5869140625,0.3398437500,46.2900390625,53.0146484375,21.7724609375,23.9833984375,31.8876953125,1.2490234375,1.0810546875,1.5156250000,1.0966796875,1.7597656250,27.2216796875,48.9023437500,39.3193359375,22.3349609375,35.8095703125
0.5117187500,0.2089843750,0.0488281250,1.1933593750,0.2558593750,34.8007812500,39.8564453125,16.3691406250,18.0302734375,23.9736328125,0.9384765625,0.8125000000,1.1396484375,0.8242187500,1.3232421875,20.4658203125,36.7656250000,29.5605468750,16.7919921875,26.9218750000
0.6738281250,0.2753906250,0.0644531250,1.5712890625,0.3369140625,45.8505859375,52.5117187500,21.5664062500,23.7558593750,31.5859375000,1.2373046875,1.0703125000,1.5009765625,1.0859375000,1.7431640625,26.9628906250,48.4384765625,38.9462890625,22.1230468750,35.4697265625
0.7783203125,0.3183593750,0.0742187500,1.8164062500,0.3886718750,52.9824218750,60.6796875000,24.9208984375,27.4501953125,36.4990234375,1.4296875000,1.2373046875,1.7343750000,1.2548828125,2.0146484375,31.1572265625,55.9726562500,45.0039062500,25.5644531250,40.9863281250
0.5498046875,0.2246093750,0.0527343750,1.2822265625,0.2744140625,37.4169921875,42.8535156250,17.5996093750,19.3857421875,25.7763671875,1.0097656250,0.8740234375,1.2255859375,0.8867187500,1.4228515625,22.0039062500,39.5292968750,31.7832031250,18.0537109375,28.9462890625
0.5341796875,0.2187500000,0.0507812500,1.2460937500,0.2666015625,36.3652343750,41.6484375000,17.1044921875,18.8408203125,25.0517578125,0.9814453125,0.8496093750,1.1904296875,0.8613281250,1.3828125000,21.3857421875,38.4179687500,30.8896484375,17.5468750000,28.1318359375
0.9013671875,0.3691406250,0.0859375000,2.1025390625,0.4501953125,61.3339843750,70.2441406250,28.8486328125,31.7773437500,42.2519531250,1.6542968750,1.4326171875,2.0078125000,1.4531250000,2.3320312500,36.0693359375,64.7968750000,52.0986328125,29.5947265625,47.4482421875
0.5253906250,0.2148437500,0.0498046875,1.2246093750,0.2626953125,35.7333984375,40.9248046875,16.8076171875,18.5136718750,24.6162109375,0.9638671875,0.8349609375,1.1699218750,0.8466796875,1.3583984375,21.0136718750,37.7500000000,30.3525390625,17.2412109375,27.6425781250
0.7441406250,0.3046875000,0.0712890625,1.7353515625,0.3720703125,50.6210937500,57.9746093750,23.8095703125,26.2265625000,34.8720703125,1.3652343750,1.1826171875,1.6572265625,1.1992187500,1.9248046875,29.7685546875,53.4775390625,42.9980468750,24.4248046875,39.1601562500
0.7294921875,0.2988281250,0.0693359375,1.7011718750,0.3642578125,49.6328125000,56.8427734375,23.3447265625,25.7148437500,34.1914062500,1.3388671875,1.1591796875,1.6250000000,1.1757812500,1.8867187500,29.1875000000,52.4345703125,42.1582031250,23.9482421875,38.3955078125
0.6562500000,0.2685546875,0.0625000000,1.5302734375,0.3281250000,44.6542968750,51.1416015625,21.0029296875,23.1357421875,30.7617187500,1.2050781250,1.0429687500,1.4619140625,1.0576171875,1.6972656250,26.2597656250,47.1748046875,37.9296875000,21.5458984375,34.5439453125
0.4638671875,0.1904296875,0.0439453125,1.0830078125,0.2324218750,31.5947265625,36.1845703125,14.8603515625,16.3691406250,21.7646484375,0.8525390625,0.7382812500,1.0341796875,0.7490234375,1.2011718750,18.5800781250,33.3779296875,26.8369140625,15.2451171875,24.4414062500
0.4033203125,0.1650390625,0.0380859375,0.9414062500,0.2021484375,27.4628906250,31.4531250000,12.9169921875,14.2285156250,18.9189453125,0.7412109375,0.6416015625,0.8994140625,0.6503906250,1.0439453125,16.1503906250,29.0136718750,23.3281250000,13.2509765625,21.2451171875
0.7539062500,0.3085937500,0.0712890625,1.7568359375,0.3769531250,51.2666015625,58.7138671875,24.1132812500,26.5615234375,35.3164062500,1.3828125000,1.1972656250,1.6787109375,1.2148437500,1.9492187500,30.1484375000,54.1601562500,43.5468750000,24.7363281250,39.6591796875
0.3662109375,0.1494140625,0.0351562500,0.8535156250,0.1826171875,24.9003906250,28.5175781250,11.7119140625,12.9013671875,17.1533203125,0.6718750000,0.5810546875,0.8154296875,0.5898437500,0.9462890625,14.6435546875,26.3056640625,21.1513671875,12.0146484375,19.2626953125
0.6425781250,0.2626953125,0.0615234375,1.4990234375,0.3212890625,43.7412109375,50.0957031250,20.5742187500,22.6630859375,30.1328125000,1.1796875000,1.0214843750,1.4326171875,1.0361328125,1.6630859375,25.7226562500,46.2099609375,37.1542968750,21.1054687500,33.8378906250
0.6289062500,0.2578125000,0.0595703125,1.4667968750,0.3144531250,42.8007812500,49.0185546875,20.1318359375,22.1757812500,29.4853515625,1.1542968750,1.0000000000,1.4013671875,1.0136718750,1.6269531250,25.1699218750,45.2167968750,36.3554687500,20.6523437500,33.1103515625
0.4384765625,0.1796875000,0.0419921875,1.0214843750,0.2187500000,29.8095703125,34.1396484375,14.0205078125,15.4443359375,20.5351562500,0.8037109375,0.6962890625,0.9755859375,0.7060546875,1.1328125000,17.5302734375,31.4912109375,25.3203125000,14.3828125000,23.0605468750
0.4335937500,0.1777343750,0.0410156250,1.0117187500,0.2167968750,29.5166015625,33.8046875000,13.8837890625,15.2929687500,20.3339843750,0.7958984375,0.6894531250,0.9667968750,0.6992187500,1.1220703125,17.3583984375,31.1826171875,25.0722656250,14.2421875000,22.8339843750
0.6289062500,0.2578125000,0.0595703125,1.4667968750,0.3144531250,42.8066406250,49.0244140625,20.1337890625,22.1777343750,29.4882812500,1.1542968750,1.0000000000,1.4013671875,1.0146484375,1.6269531250,25.1728515625,45.2226562500,36.3603515625,20.6542968750,33.1142578125
0.2431640625,1.0595703125,0.7060546875,0.0253906250,0.9365234375,0.7441406250,0.0820312500,0.6005859375,0.9746093750,0.2968750000,22.4833984375,27.4355468750,27.5234375000,32.8583984375,17.6132812500,12.9628906250,31.4960937500,31.2275390625,29.3007812500,19.3095703125
0.5429687500,2.3613281250,1.5732421875,0.0576171875,2.0869140625,1.6591796875,0.1835937500,1.3388671875,2.1728515625,0.6621093750,50.1044921875,61.1396484375,61.3349609375,73.2236328125,39.2509765625,28.8876953125,70.1884765625,69.5908203125,65.2968750000,43.0302734375
0.3701171875,1.6123046875,1.0742187500,0.0390625000,1.4248046875,1.1328125000,0.1250000000,0.9140625000,1.4833984375,0.4521484375,34.2021484375,41.7343750000,41.8671875000,49.9833984375,26.7929687500,19.7187500000,47.9111328125,47.5029296875,44.5722656250,29.3730468750
0.2636718750,1.1464843750,0.7636718750,0.0273437500,1.0126953125,0.8056640625,0.0888671875,0.6503906250,1.0546875000,0.3212890625,24.3281250000,29.6855468750,29.7802734375,35.5527343750,19.0576171875,14.0263671875,34.0791015625,33.7890625000,31.7041015625,20.8925781250
0.2695312500,1.1728515625,0.7812500000,0.0283203125,1.0361328125,0.8232421875,0.0908203125,0.6650390625,1.0791015625,0.3291015625,24.8759765625,30.3544921875,30.4511718750,36.3535156250,19.4873046875,14.3417968750,34.8466796875,34.5498046875,32.4179687500,21.3632812500
0.2236328125,0.9726562500,0.6474609375,0.0234375000,0.8593750000,0.6835937500,0.0751953125,0.5517578125,0.8945312500,0.2724609375,20.6318359375,25.1748046875,25.2558593750,30.1513671875,16.1621093750,11.8955078125,28.9013671875,28.6552734375,26.8867187500,17.7187500000
0.4873046875,2.1191406250,1.4121093750,0.0517578125,1.8730468750,1.4892578125,0.1650390625,1.2021484375,1.9501953125,0.5947265625,44.9667968750,54.8701171875,55.0449218750,65.7148437500,35.2255859375,25.9257812500,62.9912109375,62.4550781250,58.6005859375,38.6181640625
0.2099609375,0.9130859375,0.6083984375,0.0224609375,0.8066406250,0.6416015625,0.0712890625,0.5175781250,0.8398437500,0.2558593750,19.3750000000,23.6425781250,23.7177734375,28.3154296875,15.1777343750,11.1708984375,27.1416015625,26.9111328125,25.2500000000,16.6396484375
0.2099609375,0.9130859375,0.6083984375,0.0224609375,0.8066406250,0.6416015625,0.0712890625,0.5175781250,0.8408203125,0.2558593750,19.3798828125,23.6484375000,23.7236328125,28.3222656250,15.1816406250,11.1738281250,27.1484375000,26.9169921875,25.2558593750,16.6435546875
0.4140625000,1.8017578125,1.2001953125,0.0439453125,1.5917968750,1.2656250000,0.1406250000,1.0214843750,1.6582031250,0.5048828125,38.2343750000,46.6552734375,46.8037109375,55.8759765625,29.9511718750,22.0439453125,53.5595703125,53.1035156250,49.8271484375,32.8359375000
0.2939453125,1.2802734375,0.8525390625,0.0312500000,1.1308593750,0.8994140625,0.0996093750,0.7255859375,1.1777343750,0.3593750000,27.1591796875,33.1406250000,33.2460937500,39.6904296875,21.2753906250,15.6582031250,38.0449218750,37.7216796875,35.3935546875,23.3242187500
0.5234375000,2.2773437500,1.5166015625,0.0546875000,2.0117187500,1.5996093750,0.1767578125,1.2910156250,2.0947265625,0.6386718750,48.3154296875,58.9560546875,59.1445312500,70.6083984375,37.8486328125,27.8564453125,67.6816406250,67.1054687500,62.9648437500,41.4941406250
0.3457031250,1.5039062500,1.0019531250,0.0361328125,1.3281250000,1.0566406250,0.1171875000,0.8525390625,1.3828125000,0.4218750000,31.8994140625,38.9248046875,39.0488281250,46.6181640625,24.9892578125,18.3916015625,44.6865234375,44.3056640625,41.5712890625,27.3955078125
0.4472656250,1.9462890625,1.2968750000,0.0468750000,1.7197265625,1.3671875000,0.1513671875,1.1035156250,1.7910156250,0.5458984375,41.2949218750,50.3896484375,50.5507812500,60.3486328125,32.3496093750,23.8085937500,57.8476562500,57.3544921875,53.8154296875,35.4648437500
0.3164062500,1.3750000000,0.9160156250,0.0332031250,1.2148437500,0.9658203125,0.1074218750,0.7802734375,1.2656250000,0.3857421875,29.1787109375,35.6054687500,35.7187500000,42.6425781250,22.8574218750,16.8232421875,40.8750000000,40.5263671875,38.0263671875,25.0595703125
0.2480468750,1.0800781250,0.7197265625,0.0263671875,0.9550781250,0.7587890625,0.0839843750,0.6123046875,0.9941406250,0.3027343750,22.9228515625,27.9716796875,28.0615234375,33.5000000000,17.9570312500,13.2167968750,32.1113281250,31.8378906250,29.8740234375,19.6865234375
0.4658203125,2.0283203125,1.3515625000,0.0488281250,1.7929687500,1.4248046875,0.1582031250,1.1503906250,1.8662109375,0.5693359375,43.0419921875,52.5214843750,52.6894531250,62.9023437500,33.7177734375,24.8164062500,60.2949218750,59.7812500000,56.0927734375,36.9648437500
0.3349609375,1.4580078125,0.9716796875,0.0351562500,1.2880859375,1.0244140625,0.1132812500,0.8271484375,1.3417968750,0.4091796875,30.9345703125,37.7480468750,37.8681640625,45.2080078125,24.2333984375,17.8359375000,43.3339843750,42.9648437500,40.3144531250,26.5673828125
0.1962890625,0.8554687500,0.5703125000,0.0205078125,0.7558593750,0.6015625000,0.0664062500,0.4853515625,0.7871093750,0.2402343750,18.1582031250,22.1582031250,22.2285156250,26.5371093750,14.2246093750,10.4697265625,25.4375000000,25.2207031250,23.6640625000,15.5947265625
0.5009765625,2.1816406250,1.4531250000,0.0527343750,1.9277343750,1.5322265625,0.1699218750,1.2373046875,2.0068359375,0.6113281250,46.2841796875,56.4775390625,56.6582031250,67.6406250000,36.2578125000,26.6855468750,64.8369140625,64.2841796875,60.3183593750,39.7490234375
0.2353515625,1.0244140625,0.6826171875,0.0244140625,0.9052734375,0.7197265625,0.0800781250,0.5810546875,0.9423828125,0.2871093750,21.7373046875,26.5244140625,26.6093750000,31.7666015625,17.0283203125,12.5322265625,30.4501953125,30.1914062500,28.3281250000,18.6679687500
0.3271484375,1.4257812500,0.9492187500,0.0341796875,1.2597656250,1.0009765625,0.1113281250,0.8085937500,1.3115234375,0.3994140625,30.2402343750,36.9003906250,37.0185546875,44.1943359375,23.6894531250,17.4355468750,42.3623046875,42.0009765625,39.4091796875,25.9707031250
0.5097656250,2.2197265625,1.4785156250,0.0537109375,1.9609375000,1.5595703125,0.1728515625,1.2587890625,2.0419921875,0.6220703125,47.0937500000,57.4648437500,57.6484375000,68.8232421875,36.8916015625,27.1523437500,65.9697265625,65.4082031250,61.3720703125,40.4443359375
0.1914062500,0.8320312500,0.5546875000,0.0205078125,0.7353515625,0.5849609375,0.0644531250,0.4716796875,0.7656250000,0.2333984375,17.6621093750,21.5517578125,21.6210937500,25.8115234375,13.8359375000,10.1835937500,24.7421875000,24.5312500000,23.0175781250,15.1679687500
0.2587890625,1.1250000000,0.7490234375,0.0273437500,0.9931640625,0.7900390625,0.0878906250,0.6376953125,1.0341796875,0.3154296875,23.8574218750,29.1123046875,29.2050781250,34.8662109375,18.6894531250,13.7548828125,33.4208984375,33.1357421875,31.0917968750,20.4892578125
0.1962890625,0.8535156250,0.5683593750,0.0205078125,0.7539062500,0.5996093750,0.0664062500,0.4833984375,0.7851562500,0.2392578125,18.0996093750,22.0859375000,22.1562500000,26.4511718750,14.1787109375,10.4355468750,25.3544921875,25.1386718750,23.5869140625,15.5439453125
0.2060546875,0.8945312500,0.5957031250,0.0214843750,0.7910156250,0.6289062500,0.0693359375,0.5078125000,0.8232421875,0.2509765625,18.9863281250,23.1679687500,23.2421875000,27.7470703125,14.8730468750,10.9462890625,26.5966796875,26.3701171875,24.7431640625,16.3056640625
0.2900390625,1.2607421875,0.8398437500,0.0302734375,1.1142578125,0.8857421875,0.0976562500,0.7148437500,1.1601562500,0.3535156250,26.7460937500,32.6367187500,32.7402343750,39.0869140625,20.9521484375,15.4208984375,37.4667968750,37.1474609375,34.8554687500,22.9697265625
0.3984375000,1.7333984375,1.1542968750,0.0419921875,1.5312500000,1.2177734375,0.1347656250,0.9824218750,1.5947265625,0.4863281250,36.7792968750,44.8789062500,45.0224609375,53.7490234375,28.8115234375,21.2050781250,51.5214843750,51.0830078125,47.9306640625,31.5859375000
0.4892578125,2.1318359375,1.4199218750,0.0517578125,1.8828125000,1.4970703125,0.1660156250,1.2089843750,1.9609375000,0.5976562500,45.2207031250,55.1796875000,55.3564453125,66.0859375000,35.4248046875,26.0722656250,63.3466796875,62.8076171875,58.9316406250,38.8359375000
0.4326171875,1.8847656250,1.2548828125,0.0458984375,1.6650390625,1.3242187500,0.1464843750,1.0683593750,1.7333984375,0.5283203125,39.9794921875,48.7851562500,48.9404296875,58.4267578125,31.3193359375,23.0507812500,56.0048828125,55.5283203125,52.1015625000,34.3349609375
0.3408203125,1.4833984375,0.9882812500,0.0361328125,1.3105468750,1.0419921875,0.1152343750,0.8408203125,1.3652343750,0.4160156250,31.4775390625,38.4091796875,38.5322265625,46.0009765625,24.6582031250,18.1484375000,44.0937500000,43.7187500000,41.0214843750,27.0332031250
