cell,tool,arm,n,seconds,status
sigfit__main__N100,sigfit,main,100,515.88,ok
sigfit__main__N1000,sigfit,main,1000,734.55,ok
sigfit__main__N10000,sigfit,main,10000,1038.36,ok
sigfit__comp_clock_only__N100,sigfit,comp_clock_only,100,551.68,ok
sigfit__comp_clock_only__N1000,sigfit,comp_clock_only,1000,793.54,ok
sigfit__comp_clock_only__N10000,sigfit,comp_clock_only,10000,1014.31,ok
sigfit__comp_mmr__N100,sigfit,comp_mmr,100,647.1,ok
sigfit__comp_mmr__N1000,sigfit,comp_mmr,1000,781.76,ok
sigfit__comp_mmr__N10000,sigfit,comp_mmr,10000,1064.4,ok
sigfit__comp_pole__N100000,sigfit,comp_pole,100000,1233.95,ok
sigfit__comp_pole__N300000,sigfit,comp_pole,300000,0.0,cached
sigfit__comp_pole__N1000000,sigfit,comp_pole,1000000,0.0,cached
sigfit__comp_flat_triple__N100,sigfit,comp_flat_triple,100,621.73,ok
sigfit__comp_flat_triple__N1000,sigfit,comp_flat_triple,1000,692.92,ok
sigfit__comp_flat_triple__N10000,sigfit,comp_flat_triple,10000,939.92,ok
sigfit__comp_strong_flat__N100,sigfit,comp_strong_flat,100,639.72,ok
sigfit__comp_strong_flat__N1000,sigfit,comp_strong_flat,1000,752.97,ok
sigfit__comp_strong_flat__N10000,sigfit,comp_strong_flat,10000,958.78,ok
sigfit__nb__N1000,sigfit,nb,1000,745.46,ok
sigfit__clock__N1000,sigfit,clock,1000,715.81,ok
sigfit__sparse__N1000,sigfit,sparse,1000,746.53,ok
stl__main__N100,stl,main,100,0.0,cached
stl__main__N1000,stl,main,1000,0.0,cached
stl__main__N10000,stl,main,10000,0.0,cached
stl__comp_clock_only__N100,stl,comp_clock_only,100,0.0,cached
stl__comp_clock_only__N1000,stl,comp_clock_only,1000,0.0,cached
stl__comp_clock_only__N10000,stl,comp_clock_only,10000,0.0,cached
stl__comp_mmr__N100,stl,comp_mmr,100,0.0,cached
stl__comp_mmr__N1000,stl,comp_mmr,1000,0.0,cached
stl__comp_mmr__N10000,stl,comp_mmr,10000,0.0,cached
stl__comp_pole__N100000,stl,comp_pole,100000,0.0,cached
stl__comp_pole__N300000,stl,comp_pole,300000,0.0,cached
stl__comp_pole__N1000000,stl,comp_pole,1000000,0.0,cached
stl__comp_flat_triple__N100,stl,comp_flat_triple,100,0.0,cached
stl__comp_flat_triple__N1000,stl,comp_flat_triple,1000,0.0,cached
stl__comp_flat_triple__N10000,stl,comp_flat_triple,10000,0.0,cached
stl__comp_strong_flat__N100,stl,comp_strong_flat,100,0.0,cached
stl__comp_strong_flat__N1000,stl,comp_strong_flat,1000,0.0,cached
stl__comp_strong_flat__N10000,stl,comp_strong_flat,10000,0.0,cached
stl__nb__N1000,stl,nb,1000,0.0,cached
stl__clock__N1000,stl,clock,1000,0.0,cached
stl__sparse__N1000,stl,sparse,1000,0.0,cached
